book_title,book_author,book_translator,book_pub_date,book_isbn
리얼 블라디보스톡  PLUS 우수리스크 [2019~2020년 최신판],강한나 ,,2018-10-22,9791188007196
처음 시작하는 R 데이터 분석,"강전희 , 엄동란 ",,2018-10-05,9791162241202
"SWedu, 앱 인벤터",이종원 ,,2018-06-04,9791156643968
이것이 C#이다,박상현 ,,2018-07-01,9791162240861
머신러닝 실무 프로젝트,"아리가 미치아키(有賀 康顕) , 나카야마 신타(中山 心太) , 니시바야시 다카시(西林 孝) ",심효섭 ,2018-06-05,9791162240816
Head First Android Development : 개념과 구조를 머릿속에 그려주는 안드로이드 개발 입문서(개정판),"돈 그리피스 , 데이비드 그리피스 ",우정은 ,2018-07-15,9791162240953
나의 첫 안드로이드 : 처음 시작하는 개발자를 위한,한동호 ,,2018-07-16,9791162240960
D-30 단기합격 솔루션 전기산업기사 필기 핵심 이론 & 엄선된 필수 기출문제 558선(개정판),김상훈 ,,2018-04-12,9791156643586
고객이 보이는 구글 애널리틱스,문준영 ,,2018-06-15,9791162240878
R로 배우는 데이터 분석 기본기 데이터 시각화 : 예제와 함수 중심으로 배우는 빅데이터 분석,후나오 노부오 ,김성재 ,2014-01-02,9788968480645
그것이 R고 싶다,양중기 ,,2018-07-09,9791162240885
처음 배우는 암호화,장필리프 오마송 ,류광 ,2018-07-20,9791162240977
Hello Coding 한입에 쏙 파이썬,"김왼손 , 김태간 ",,2018-06-20,9791162240854
허팝과 함께하는 유튜브 크리에이터 되기,"허팝 , 강전희 , 안정기 ",,2017-09-28,9791162240007
Hello Coding 프로그래밍,Pope Kim ,,2018-01-02,9791162240342
Head First C# : 상상을 초월하는 객체지향 C# 학습법(개정3판),"앤드류 스텔만 , 제니퍼 그린 ",최길우 ,2015-02-27,9788968481659
다른 그림 찾기,엘리자베스 골딩 ,,2018-09-19,9791162241172
처음 배우는 머신러닝,"김승연 , 정용주 ",,2017-10-01,9791162240045
지금 당장 원자재 공부 시작하라,"윤채현 , 정용구 ",,2009-12-28,9788994120010
런던 비즈니스 산책,박지영 ,,2013-11-02,9788994120706
지금 당장 환율공부 시작하라 2,윤채현 ,,2013-01-14,9788994120515
데이터 시각화를 위한 데이터 인사이트 : 빅데이터를 바라보는 통찰의 눈,헌터 휘트니 ,한선용 ,2014-04-18,9788968480942
파이썬 라이브러리를 활용한 데이터 분석(수정보완판),웨스 맥키니(Wes Mckinney) ,김영근 ,2013-10-26,9788968480478
Head First Data Analysis : 당신을 최고의 데이터 분석가로 이끌어줄 마법 같은 학습서,마이클 밀튼 ,김경태 ,2013-04-11,9788968480119
지금 당장 환율공부 시작하라(개정판),"윤채현 , 박준민 ",,2010-04-10,9788994120034
웹 데이터 수집의 기술,타쿠로 사사키 ,김경록 ,2017-08-15,9788968489990
미친 세상에서 용감하게 살아가기,로버트 비스워스-디너 ,민지영 ,2013-01-08,9788994120508
톡톡 창의력 그림 찾기,창의수학연구소 ,,2016-04-15,9788968484483
경제학자의 영화관,박병률 ,,2012-12-26,9788994120492
비즈니스 활용 사례로 배우는 데이터 분석:R,"사카마키 류지 , 사토 요헤이 ",손정도 ,2015-10-28,9788968482113
톡톡 창의력 그림 찾기 플러스,창의수학연구소 ,,2017-05-05,9788968488108
처음 배우는 데이터 과학,필드 케이디 ,최근우 ,2018-02-19,9791162240472
텐서플로 첫걸음,조르디 토레스 ,박해선 ,2016-08-29,9788968484902
Hello Coding 그림으로 개념을 이해하는 알고리즘,아디트야 바르가바 ,김도형 ,2017-04-01,9788968483547
엔지니어를 위한 데이터 시각화 :  D3.js로 배우는 데이터 시각화 이론과 12가지 사례,"모리후지 다이치 , 안티베이지안 ",김성재 ,2015-04-27,9788968481918
Hello Coding 파이썬,윤인성 ,,2018-01-02,9791162240274
파이썬 데이터 분석 입문,클린턴 브라운리 ,"한창진 , 이병욱 ",2017-10-25,9791162240144
헬로 데이터 과학 : 삶과 업무를 바꾸는 생활 데이터 활용법,김진영 ,,2016-02-23,9788968482656
비즈니스를 위한 데이터 과학 : 빅데이터를 바라보는 데이터 마이닝과 분석적 사고,"포스터 프로보스트 , 톰 포셋 ",강권학 ,2014-06-24,9788968481093
톡톡 창의력 미로 찾기,창의수학연구소 ,,2016-04-15,9788968484490
골빈해커의 3분 딥러닝,김진중(골빈해커) ,,2017-09-25,9791162240137
톡톡 창의력 놀이대장 세트(전 5권),창의수학연구소 ,,2016-10-10,9788968484551
신경망 첫걸음,타리크 라시드 ,송교석 ,2017-04-03,9788968483509
파이썬을 활용한 베이지안 통계: 동전 던지기와 하키 승률로 배우는 데이터 분석,앨런 B. 다우니 ,권정민 ,2014-07-14,9788968481147
"데이터과학 입문: 구글, MS, 이베이 데이터과학자에게 배우다","레이철 슈트 , 캐시 오닐 ","윤영민 , 허선 , 전희주 , 김정일 , 류자현 ",2014-10-28,9788968481352
9가지 사례로 익히는 고급 스파크 분석,"샌디 라이자 , 유리 레이저슨 , 션 오언 , 조시 윌스 ","서양주 , 권한철 , 박상은 ",2016-07-01,9788968482892
"(꼬마해커의 작업실, 수프) 스크래치 알고리즘 : 초등학생도 볼 수 있는 가장 쉬운 알고리즘",김종훈 ,,2014-11-12,9788968481390
나의 첫 파이썬,에릭 마테스 ,한선용 ,2017-05-01,9788968483561
모던 웹을 위한 Node.js 프로그래밍 3판,윤인성 ,,2016-07-01,9788968482946
경제학자의 문학살롱,박병률 ,,2014-05-26,9788994120805
SQL 첫걸음: 하루 30분 36강으로 배우는 완전 초보의 SQL 따라잡기,아사이 아츠시 ,박준용 ,2015-10-26,9788968482311
"Head First Python, 개정판",폴 배리 ,우정은 ,2017-12-04,9791162240281
톡톡 창의력 선 긋기,창의수학연구소 ,,2015-12-09,9788968484025
데이터 분석을 통한 네트워크 보안 : IoT 시대에 맞는 상황 인식형 보안 구축하기,마이클 콜린스 ,문성건 ,2016-03-28,9788968482588
모던 웹을 위한 JavaScript + jQuery 입문(3판),윤인성 ,,2017-05-01,9788968483554
톡톡 창의력 종이접기,창의수학연구소 ,,2016-04-15,9788968484506
누워서 읽는 알고리즘: 프로그래밍 상상력을 키워주는 알고리즘 이야기,임백준 ,,2015-10-16,9788968482274
"IT CookBook, HTML5 웹 프로그래밍 입문(개정판)",윤인성 ,,2016-12-26,9791156643074
"IT CookBook, 자바스크립트 프로그래밍 입문",윤인성 ,,2016-12-15,9791156642787
"(10대를 위한 프로그래밍 노트, 수프) 코딩 클럽 LV1. 모두를 위한 파이썬 기초",크리스 로피 ,유형목 ,2015-08-26,9788968482168
기초 확률과 통계 : BASIC PROBABILITY & STATISTICS,박대수 ,,2013-08-21,9788998756543
"(10대를 위한 프로그래밍 노트, 수프) 코딩 클럽 LV2. 본격 파이썬 입문",크리스 로피 ,"이지호 , 유형목 ",2015-08-26,9788968482175
톡톡 창의력 색칠하기,창의수학연구소 ,,2015-12-09,9788968484018
SQL 레벨업 : DB 성능 최적화를 위한 SQL 실전 가이드,미크 ,윤인성 ,2016-01-22,9788968482519
실시간 분석의 모든 것: 스트리밍 데이터 분석 및 시각화 시스템 구축 가이드,바이런 엘리스 ,이상훈 ,2015-12-11,9788968482298
톡톡 창의력 알파벳 쓰기,창의수학연구소 ,,2015-12-09,9788968484049
"모던 웹 디자인을 위한 HTML5+CSS3 입문, 개정판",윤인성 ,,2015-01-19,9788968481611
톡톡 창의력 숫자 쓰기,창의수학연구소 ,,2015-12-09,9788968484032
톡톡 창의력 한글 쓰기 기초 낱말,창의수학연구소 ,,2016-08-31,9788968484537
Head First Programming : 파이썬으로 처음 배우는 프로그래밍,"폴 배리 , 데이빗 그리피스 ",강권학 ,2011-03-17,9788979148190
팟캐스트 나는 프로그래머다 2탄,"임백준 , 정도현 , 김호광 ",,2016-06-23,9788968482908
임백준의 아카 시작하기 : Akka 개념 잡기,임백준 ,,2015-10-29,9788968487897
행복한 프로그래밍(개정판),임백준 ,,2016-11-18,9788968484704
이공계생을 위한 확률과 통계 : Forward-Looking Probability and Statistics,안승철 ,,2014-07-10,9791156641223
"Blog2Book, 아는 만큼 보이는 데이터베이스 설계와 구축",이춘식 ,,2008-07-04,9788979145571
대학생을 위한 파이썬 프로그래밍 : 누구나 할 수 있는 가장 쉬운 프로그래밍 입문서,크리스 로피 ,"이지호 , 유형목 ",2016-01-26,9788968482540
"(10대를 위한 프로그래밍 노트, 수프) 프로그래밍 비타민 : 컴퓨팅 사고력을 키우는 22가지 이야기",김종훈 ,,2015-07-28,9788968482106
데이터베이스 첫걸음,"미크 , 기무라 메이지 ",박주항 ,2016-10-10,9788968487316
Head First PHP & MySQL: 효과적이고 생동감 넘치는 웹 애플리케이션 만들기,"린 베일리 , 마이클 모리슨 공저 ",홍승표 ,2010-05-07,9788979147391
실전 하둡 운용 가이드 : 대규모 하둡 클러스터 관리를 위한 필수 노하우,에릭 새머 ,장형석 ,2013-07-24,9788968480300
임백준의 대살개문,임백준 ,,2016-04-28,9788968482748
"프로그래밍 면접, 이렇게 준비한다(3판)","존 몽건 , 에릭 기게리 , 노아 수요야넨 킨들러 ",서환수 ,2014-02-28,9788968480843
Head First Python : 머리에 쏙쏙 들어오는 파이썬 안내서(수정판),폴 베리 ,강권학 ,2016-03-28,9788968482724
하둡 완벽 가이드 : 클라우드 컴퓨팅 구축을 위한 실전 안내서(개정3판),톰 화이트 ,"심탁길 , 김우현 ",2013-06-22,9788968480201
"(10대를 위한 프로그래밍 노트, 수프) 코딩 클럽 LV4. 파이썬 프로그래밍 아트",크리스 로피 ,유형목 ,2016-09-28,9788968484797
톡톡 창의력 수학 5세 - 1권,창의수학연구소 ,,2015-12-09,9788968484063
처음 시작하는 파이썬: 파이썬 패키지를 활용한 모던 컴퓨팅 입문,빌 루바노빅 ,최길우 ,2015-12-04,9788968482397
폴리글랏 프로그래밍 : 새로운 자바 언어를 기다리는 히치하이커를 위한 안내서,임백준 ,,2014-03-18,9788968480867
"팟캐스트 나는 프로그래머다: 뉴욕, 서울, 도쿄 개발자의 촌철살인 IT 이야기","임백준 , 정도현 , 김호광 ",,2015-10-19,9788968482281
이것이 MySQL이다,우재남 ,,2016-06-10,9788968482793
뇌를 자극하는 PHP 프로그래밍,조명진 ,,2009-07-21,9788979146585
HBase 완벽 가이드: 하둡 환경에서 실시간 빅데이터 랜덤 엑세스를 제공하는 클라우드 NoSQL,라스 조지 ,이진석 ,2013-01-26,9788979148381
맵리듀스 디자인 패턴 : 하둡과 빅데이터에 효과적인 6가지 방법론과 26가지 실용 패턴,"도널드 마이너 , 아담 슈크 ","이주열 , 오석근 ",2013-07-24,9788968480348
톡톡 창의력 숫자 쓰기 2,창의수학연구소 ,,2016-05-18,9788968484513
읽기 좋은 코드가 좋은 코드다: 더 나은 코드를 작성하는 간단하고 실전적인 테크닉,"더스틴 보즈웰 , 트레버 파우커 ",임백준 ,2012-04-26,9788979149142
코딩의 기술 : C와 C++ 게임 코드로 알아보는,오즈 모리하루 ,윤인성 ,2016-03-28,9788968482694
이것이 SQL Server다,우재남 ,,2016-06-28,9788968482922
톡톡 창의력 한글 쓰기 1,창의수학연구소 ,,2016-05-01,9788968484520
하둡 완벽 가이드(4판),톰 화이트 ,"장형석 , 장정호 , 임상배 , 김훈동 ",2017-03-01,9788968484599
머하웃 완벽 가이드(Mahout in Action): 하둡에 딱 맞는 빅데이터를 활용한 기계학습,"션 오웬 , 로빈 애닐 , 테드더닝 , 엘렌 프리드만 ",안태성 ,2012-10-23,9788979149609
Head First SQL : 효율적인 DB 관리를 위한 SQL 학습법,린 베일리 ,박종걸 ,2008-05-28,9788979145601
좋은 코딩 나쁜 코딩 : 단순한 코드가 좋은 코드다 (2판),박진수 ,,2013-10-10,9788968480560
케스케이딩 완벽 가이드 : 빅데이터 분석을 위한 하둡 워크플로우 관리 도구,파코 네이선 ,"오세봉 , 장정호 ",2014-01-17,9788968480775
"자바 8 인 액션 : 람다, 스트림, 함수형 프로그래밍으로 새로워진 자바 마스터하기","라울-게이브리얼 우르마 , 마리오 푸스코 , 앨런 마이크로프트 ",우정은 ,2015-03-19,9788968481796
"Modern PHP: 네임스페이스, 트레이트, 클로저부터 모범 사례와 최신 도구까지",조시 록하트 ,정병열 ,2015-10-15,9788968482250
"자바 프로그래밍 면접, 이렇게 준비한다",노엘 마크엄 ,정원천 ,2015-01-23,9788968481529
"MySQL Troubleshooting : 쿼리 문제, 원인을 알면 해결은 쉽다",스베타 스머노바(Sveta Smirnova) ,강권학 ,2013-02-07,9788979149999
"IT CookBook, Android Studio를 활용한 안드로이드 프로그래밍(개정3판)","우재남 , 박길식 ",,2018-02-06,9791156643838
하이브 완벽 가이드: 하둡을 이용한 SQL 기반 빅데이터 분석 도구,"에드워드 카프리올로 , 딘 웜플러 , 제이슨 러더글렌 ",오세봉 외 ,2013-03-28,9788968480072
Effective Unit Testing : 클린 코드와 좋은 설계를 이끄는 단위 테스트,라쎄 코스켈라 ,이복연 ,2013-11-11,9788968480621
"IT CookBook, PHP 프로그래밍 입문(개정판)",황재호 ,,2013-05-28,9788998756208
웹 엔지니어가 알아야 할 인프라의 기본,바바 토시아키 ,김병국 ,2015-06-28,9788968482014
클라우드 시스템을 관리하는 기술,"토머스 리몬첼리 , 스트래터 체일럽 , 크리스티나 호건 ",류광 ,2016-02-25,9788968482618
리팩토링: 코드 품질을 개선하는 객체지향 사고법,마틴 파울러 ,김지원 ,2012-11-01,9788979149715
"IT CookBook,  파이썬 for Beginner",우재남 ,,2017-11-30,9791156643593
브루스 테이트의 세븐 랭귀지 : 프로그래머라면 알아야 할 미래를 품은 7가지 언어,브루스 테이트 ,임백준 ,2015-04-27,9788968481857
"IT CookBook, SQL Server로 배우는 데이터베이스 개론과 실습","박우창 , 남송휘 ",,2013-07-01,9788998756246
"IT CookBook, PHP 프로그래밍 for Beginner","박대혁 , 강의선 ",,2009-07-08,9788979146318
유닉스 리눅스 셸 스크립트 예제 사전,오스미 유스케 ,서수환 ,2015-08-27,9788968482137
읽기 좋은 자바스크립트 코딩 기법: 유지보수가 쉬운 코드로 팀의 생산성을 높이자,니콜라스 자카스 ,김광호 ,2013-01-26,9788979149883
만들면서 배우는 기계 학습: 생각을 만드는 빅데이터 기술,오다카 토모히로 ,김성재 ,2012-06-18,9788979149234
"Blog2Book, 자바 개발자도 쉽고 즐겁게 배우는 테스팅 이야기",이상민 ,,2009-12-09,9788979147124
"IT CookBook, HTML & CSS for Beginner",황재호 ,,2016-11-10,9791156642794
자바 퍼즐러 : 세상에서 가장 재미있는 자바 책,"조슈아 블로크 , 닐 개프터 ",윤인성 ,2014-12-27,9788968481444
Hello Coding HTML5+CSS3,황재호 ,,2018-03-02,9791162240502
"뇌를 자극하는 SQL Server 2012 (1권, 기본편)",우재남 ,,2013-02-13,9788979149920
PHP 보안: 몇 줄의 코드로 안전하게,크리스 쉬플릿 ,한동훈 ,2006-03-07,8979143877
훌륭한 프로그래머 되는 법 : 프로젝트와 팀을 성공으로 이끄는 선배 개발자의 노하우,피트 구들리프 ,"최원재 , 강전희 , 안재덕 , 남윤화 ",2015-12-04,9788968482304
"MongoDB 몽고디비 완벽 가이드 : 페이스북, 트위터가 선택한 NoSQL의 진수를 만나다! (개정2판)",크리스티나 초도로우 ,"이승구 , 김인범 ",2014-04-24,9788968480959
"IT CookBook, 데이터베이스 관리와 실습(개정판) : MS SQL Server 2008",손광수 ,,2013-07-02,9788998756468
"뇌를 자극하는 SQL Server 2012 (2권, 관리/응용편)",우재남 ,,2014-04-28,9788968480782
"IT CookBook, 데이터베이스 개론",김연희 ,,2013-07-03,9788998756253
이것이 오라클이다,우재남 ,,2018-03-02,9791162240489
"IT CookBook, 오라클로 배우는 데이터베이스 개론과 실습","박우창 , 남송휘 , 이현룡 ",,2014-06-19,9791156641186
"IT CookBook, 데이터베이스 기초와 실습 : 액세스 2013",김지연 ,,2015-12-28,9791156642404
더 나은 프로그래밍을 위한 코드골프 : 즐기면서 배우는 자바스크립트 코드 퍼즐과 알고리즘,야나이 마사카즈 ,"손정도 , 김정현 ",2015-01-28,9788968481673
"SWedu, 컴퓨팅 사고력을 키우는 SW 교육 : 파이썬",우재남 ,,2016-07-20,9791156642701
"IT CookBook, 비주얼 베이직 for Beginner",임관철 ,,2014-09-01,9791156641360
인터랙티브 웹디자인북: 웹디자이너를 위한 HTML5+CSS3+jQuery 사용설명서,최성일 ,,2015-04-27,9788968481895
유닉스 리눅스 명령어 사전(개정판),"우종경 , 박종오 ",,2010-11-25,9788979147933
나는 프로그래머다,임백준외 6명 ,,2004-03-16,8979142749
"유닉스 리눅스 프로그래밍 필수 유틸리티(개정판) : vim make, gcc, gdb, svn, binutils, autoconf, autotools",백창우 ,,2010-08-01,9788979147599
MongoDB 활용 가이드: 스케일링과 50가지 팁,크리스티나 초도로우 ,이진석 ,2011-12-09,9788979148862
프로그래머로 사는 법: 프로그래머의 길을 걸어가는 당신을 위한 안내서,샘 라이트스톤 ,서환수 ,2012-10-17,9788979149623
"JavaScript+jQuery 정복 : 보고, 이해하고, 바로 쓰는 자바스크립트 공략집",김상형 ,,2014-10-17,9788968481321
"IT CookBook, C언어 for Beginner(개정판)",우재남 ,,2014-08-08,9791156641339
이것이 Windows Server다,우재남 ,,2017-07-01,9788968488610
"SWedu, 컴퓨팅 사고력을 키우는 SW 교육 : 엔트리 & 햄스터","황준 , 박광현 , 이웅재 , 최은정 , 고혜영 , 이재호 , 손예진 , 조민주 ",,2016-09-05,9791156642749
회사에서 바로 통하는 액세스 2010,김재훈 ,,2011-01-05,9788979147841
HTML5+CSS3 정복 : 실습 위주의 친절한 HTML5 자습서,김상형 ,,2014-09-28,9788968481277
인터랙티브 디벨로퍼: 구글 엔지니어의 포트폴리오,김종민 ,,2015-07-24,9788968481840
"IT CookBook, 비주얼 베이직 프로그래밍 : 윈도우 프로그래밍의 첫 걸음",고응남 ,,2007-10-26,9788979145007
테스트 주도 개발 : 고품질 쾌속개발을 위한 TDD 실천법과 도구,채수원 ,,2010-06-08,9788979147261
우분투 환경에서 C 언어로 배우는 리눅스 프로그래밍,이이오 준 ,김성재 ,2012-09-24,9788979149531
"IT CookBook, 비주얼 베이직 2010 for Beginner",임관철 ,,2015-02-26,9791156641728
Programming Challenges: 알고리즘 트레이닝 북,"스티븐 스키에나 , 미구엘 레비야 ",서환수 ,2004-07-14,8979142889
"IT CookBook, C 프로그래밍","강동진, 하숙정, 임수연, 송무희, 박보석 ",,2013-03-20,9788998756161
프로그래밍은 상상이다,임백준 ,,2008-09-01,9788979145946
MongoDB 완벽 가이드 : NoSQL의 진수를 만나다!,"크리스티나 초도로우 , 마이클 디롤프 ",윤진석 ,2011-05-19,9788979148251
회사에서 바로 통하는 파워포인트 2010,"이상훈 , 김연희 ",,2011-05-03,9788979148015
이것이 C 언어다,서현우 ,,2014-05-20,9788968481024
뇌를 자극하는 Windows Server 2012 R2,우재남 ,,2016-02-05,9788968482366
"jQuery 최고의 교과서 : 디자이너, 퍼블리셔, 개발자를 위한 처음 시작하는 제이쿼리",주식회사 시프트브레인 ,송태민(어비) ,2015-01-28,9788968481574
"IT CookBook, New 정보통신개론 : 기본 이론부터 사물인터넷 개념까지",고응남 ,,2015-07-03,9791156641957
엔트리 : 창의력과 문제해결능력 향상을 위한 첫걸음,"최현종 , 이상열 , 박지현 , 이현아 ",,2016-03-17,9788968482649
뇌를 자극하는 C 프로그래밍,서현우 ,,2005-10-01,8979143443
프로그래머의 리더십,정영훈 ,,2015-01-05,9788968481512
엑셀 2010 바이블,최준선 ,,2011-09-28,9788979148541
"IT CookBook, 액세스 2007 for Beginner",박명철 ,,2008-12-28,9788979146097
"IT CookBook, Compact C 프로그래밍",김충석 ,,2014-12-15,9791156641483
누워서 읽는 퍼즐북 : 뉴욕의 프로그래머 임백준의 퍼즐이야기,임백준 ,,2010-01-15,9788979147193
"IT CookBook, C 언어 트레이닝",김상형 ,,2017-12-04,9791156643609
"IT CookBook, 비주얼 베이직 2015 for Beginner",임관철 ,,2016-12-30,9791156643067
"IT CookBook, 파워포인트 2010 실무와 활용",고경희 ,,2014-02-24,9788998756949
"이것이 레디스다 : 초고속 읽기 쓰기를 제공하는 인메모리 기반 NoSQL, Redis",정경석 ,,2013-11-28,9788968480591
"IT CookBook, 네트워크 개론(개정판) : 쉽게 배우는 네트워크의 기본 원리",진혜진 ,,2014-01-07,9788998756734
회사에서 바로 통하는 엑셀+파워포인트+워드 2010,"전미진 , 이화진 , 신면철 ",,2011-08-22,9788979148534
정보교과교육론(증보판) : 소프트웨어 교육을 위한 필수 지침서,"이태욱 , 최현종 ",,2016-03-03,9791156642510
"IT CookBook, 쉽게 배우는 데이터 통신과 컴퓨터 네트워크",박기현 ,,2013-09-15,9788998756611
"Blog2Book, 프로젝트 관리자PM를 위한 프로젝트 관리 이야기",신진현 ,,2015-02-27,9788968481048
"IT CookBook, New 데이터통신과 네트워킹 : 차세대 통신을 위한 밑그림",강문식 ,,2014-11-27,9791156641421
회사에서 바로 통하는 엑셀 2010,한은숙 ,,2011-03-23,9788979147865
회사에서 바로 통하는 엑셀&파워포인트 2010,"이희정 , 전미진 ",,2010-09-16,9788979147636
TopCoder 탑코더 알고리즘 트레이닝,타카하시 나오히로 ,윤인성 ,2013-10-28,9788968480553
"IT CookBook, 엑셀 2010 실무와 활용",전미진 ,,2014-02-24,9788998756802
엑셀 2016 매크로&VBA 바이블,최준선 ,,2016-02-26,9788968482670
자바 네트워크 소녀 네티,정경석 ,,2015-10-22,9788968482243
"IT CookBook, 컴퓨터 활용 : 윈도우 7, 한글 2010, 엑셀 2010, 파워포인트 2010","김주영 , 정영준 ",,2013-03-20,9788998756154
회사에서 바로 통하는 엑셀+파워포인트 2016&한글 NEO,"전미진 , 이화진 , 신면철 ",,2017-07-12,9788968483363
엑셀 2010 함수 바이블,이동숙 ,,2011-02-28,9788979148084
회사에서 바로 통하는 엑셀 2010 함수 이해&활용,최준선 ,,2012-09-17,9788979149630
"IT CookBook, 초보자의 첫 번째 파워포인트 2010",최희식 ,,2013-07-28,9788998756536
엑셀 2016 바이블,최준선 ,,2016-09-30,9788968484827
"IT CookBook, New 인터넷 이해와 활용",김경신 ,,2014-01-09,9788998756703
"IT CookBook, 전자회로 : 핵심 개념부터 응용까지","강문식 , 신경욱 ",,2013-07-25,9788998756482
회사에서 바로 통하는 파워포인트 2007(개정판),이희정 ,,2009-10-14,9788979146905
"IT CookBook, 쉽게 배우는 데이터 통신과 컴퓨터 네트워크 (개정판)",박기현 ,,2016-12-26,9791156643043
"IT CookBook, 엑셀 2007 실무와 활용",한은숙 ,,2014-02-17,9788998756918
"IT CookBook, 컴퓨터 활용과 실습 : 컴퓨터 기초, 한글 2014, 엑셀 2013, 파워포인트 2013",김주영 ,,2015-02-02,9791156641490
엑셀 함수&수식 바이블: 회사에서 필요한 함수&수식은 모두 있다!,최준선 ,,2015-04-28,9788968481826
"IT CookBook, 초보자의 첫 번째 엑셀 2010",양숙희 ,,2013-03-12,9788998756109
회사에서 바로 통하는 엑셀 함수 실무 강의,"김경자 , 송선영 ",,2017-05-31,9788968488054
"IT CookBook, 초보자의 첫 번째 워드 2010",최희식 ,,2014-02-19,9788998756987
사전처럼 바로 찾아 쓰는 알고리즘,"조지 T. 하인만 , 게리 폴리케 , 스탠리 셀코 ",전경원 ,2010-03-08,9788979147292
회사에서 바로 통하는 엑셀 2013,한은숙 ,,2014-07-09,9788968481079
"IT CookBook, 파워포인트 2013 for Beginner",최희식 ,,2014-10-28,9791156641285
회사에서 바로 통하는 한글 NEO FOR STARTERS,신면철 ,,2017-06-28,9788968488092
"IT CookBook, 초보자의 첫 번째 파워포인트 2007",고경희 ,,2009-11-05,9788979147025
회사에서 바로 통하는 엑셀 실무 강의,전미진 ,,2016-09-08,9788968484919
"IT CookBook, 단계별로 배우는 전자회로 실험 : 기본 소자부터 응용 회로까지",이강윤 ,,2014-06-05,9791156641117
"IT CookBook, 인터넷 이해와 활용 : 인터넷 기초부터 홈페이지 제작까지(개정2판)","안치현 , 김형철 ",,2014-03-12,9791156641056
"IT CookBook, 워드 2013 for Beginner",최희식 ,,2014-10-28,9791156641384
엑셀 2013 바이블 : 회사에서 필요한 기능은 모두 있다,최준선 ,,2013-06-25,9788968480270
회사에서 바로 통하는 엑셀 데이터 활용+분석,"김경자 , 송선영 ",,2016-06-30,9788968482823
스마트러닝 콘텐츠 만들기,"배영권 , 도재춘 , 김달진 , 신승기 ",,2013-04-26,9788998756116
"IT CookBook, 초보자의 첫 번째 워드 2007",최희식 ,,2009-11-05,9788979146998
"IT CookBook, 초보자의 첫 번째 엑셀 2007",양숙희 ,,2014-02-19,9788998756000
"IT CookBook, 초보자의 첫 번째 한글 2010",양숙희 ,,2014-08-01,9791156641124
"IT CookBook, 엑셀 2013 for Beginner",양숙희 ,,2014-11-28,9791156641407
회사에서 바로 통하는 엑셀 2016 FOR STARTERS,전미진 ,,2017-03-15,9788968483455
회사에서 바로 통하는 엑셀 2013 & 한글 2014,"전미진 , 신면철 ",,2015-06-28,9788968482076
회사에서 바로 통하는 파워포인트 2016 FOR STARTERS,이화진 ,,2017-04-14,9788968483462
"IT CookBook, 핵심이 보이는 전자회로",신경욱 ,,2014-07-22,9791156641308
"IT CookBook, 한글 2014 for Beginner",양숙희 ,,2014-12-04,9791156641414
"IT CookBook, 엑셀 2013 : 기본 기능부터 실무 활용까지",하숙정 ,,2015-02-16,9791156641506
엑셀 매크로&VBA 바이블: 회사에서 필요한 코드는 모두 있다!,최준선 ,,2012-06-28,9788979149357
"IT CookBook, 엑셀과 파워포인트 2013 개정판",강동진 외 4 ,,2015-04-10,9791156641773
회사에서 바로 통하는 엑셀+파워포인트+워드 2013 & 한글 2014 & 윈도우 10,"전미진 , 이화진 , 신면철 , 박광수(아크몬드) ",,2016-03-28,9788968482731
리눅스 시스템 프로그래밍(개정2판) : 커널과 C 라이브러리로 풀어가는(리눅스 3.x 최신 커널 기반),로버트 러브 ,김영근 ,2014-12-26,9788968481482
회사에서 바로 통하는 엑셀+파워포인트+워드 2013 & 한글 2014,"전미진 , 이화진 , 신면철 ",,2015-05-19,9788968481949
"IT CookBook, 컴퓨터 실습 : 윈도우 XP, 한글 2007, 엑셀 2007, 파워포인트 2007","김주영 , 정영준 ",,2013-03-20,9788998756185
회사에서 바로 통하는 엑셀+파워포인트 2013&한글 2014,"전미진 , 이화진 , 신면철 ",,2015-04-28,9788968481932
회사에서 바로 통하는 한글 2014,신면철 ,,2015-02-27,9788968481734
회사에서 바로 통하는 엑셀+파워포인트+워드 2013(개정판),"전미진 , 이화진 , 신면철 ",,2014-10-28,9788968481369
회사에서 바로 통하는 파워포인트 2013,전상오 ,,2014-11-25,9788968481413
회사에서 바로 통하는 엑셀 2007 개정판,전미진 ,,2009-08-21,9788979146776
"IT CookBook, CMOS 디지털 집적회로 설계 : 기본 이론부터 실습까지",신경욱 ,,2014-05-30,9791156641100
"IT CookBook, 초보자의 첫 번째 컴퓨터와 인터넷 활용",최희식 ,,2009-11-05,9788979147001
엑셀 2007 바이블: 엑셀의 거의 모든 기능,최준선 ,,2008-11-28,9788979146042
"IT CookBook, 핵심이 보이는 전자회로 실험 with PSPICE",신경욱 ,,2017-11-30,9791156643654
"IT CookBook, 인터넷 윤리","최희식 , 김상균 ",,2016-08-26,9791156642503
"IT EXPERT, 리눅스 커널 프로그래밍",한동훈 ,,2007-01-02,8979144601
28일 동안 배우는 리눅스 서버 관리,카사노 히데마츠 ,김성재 ,2014-09-28,9788968481215
회사에서 바로 통하는 엑셀&파워포인트 2016,"전미진 , 이화진 ",,2017-07-07,9788968483332
이것이 리눅스다,우재남 ,,2015-06-25,9788968481963
회사에서 바로 통하는 엑셀&파워포인트 2013,"이희정 , 전미진 ",,2014-11-25,9788968481406
"IT CookBook, 웹 기획 기초와 설계(개정판) : 웹 사이트, 인터페이스, 디자인",강은정 ,,2013-09-15,9788998756604
자바7 NIO.2: 파일&네트워크 프로그래밍,앵겔 레너드 ,조태현 ,2012-06-28,9788979149319
"IT CookBook, 파워포인트 2013 : 기본 기능부터 프레젠테이션 스킬까지 한번에!","채종서 , 차유빈 ",,2014-12-17,9791156641377
"Head First PMP : 체계적인 프로젝트 관리를 위한 국제 공인 학습법 (개정3판, PMBOK® 지침서 5판 시험대비용)","제니퍼 그린 , 앤드류 스텔만 ","한동환 , 김기평 ",2014-09-12,9788968481154
"IT CookBook, 디지털 집적회로 해석 및 설계","데이비드 하지즈 , 호레스 잭슨 , 레스베 살레 ",김대정 ,2010-08-20,9788979147513
"리눅스 커널의 이해, 개정 3판","다니엘 보베이 , 마르코 체사티 ",박장수 ,2006-09-28,8979144326
"IT CookBook, 아날로그 CMOS 집적회로 설계 : Design of Analog CMOS Integrated Circuits",버자드 라자비(Behzad Razavi) ,"김대정 , 이강윤 , 이종창 ",2009-05-15,9788979146721
회사에서 바로 통하는 엑셀+파워포인트 2016&한글 NEO&윈도우 10,"전미진 , 이화진 , 신면철 , 박광수(아크몬드) ",,2018-01-02,9791162240250
공학과 경영,김상균 ,,2016-07-07,9791156642626
회사에서 바로 통하는 엑셀+파워포인트+워드 2016&한글 NEO&윈도우 10,"전미진 , 이화진 , 신면철 , 박광수 ",,2018-02-05,9791162240267
"IT CookBook, 파워포인트 2007 실무와 활용",고경희 ,,2014-02-17,9788998756901
"IT CookBook, 엑셀과 파워포인트 2010 실무와 활용","전미진 , 고경희 ",,2014-02-24,9788998756789
"IT CookBook, 엑셀과 파워포인트 2007 실무와 활용","한은숙 , 고경희 ",,2013-03-12,9788998756093
정유진의 웹 2.0 기획론: 강력한 웹 2.0 서비스를 만드는 13개의 키워드,정유진 ,,2006-12-15,8979144555
안드로이드의 모든 것 NDK: C/C++을 이용한 안드로이드 앱 개발 방법,"고현철 , 전호철 ",,2012-09-17,9788979149593
UNIX V6로 배우는 커널의 원리와 구조 : 고전으로 익히는 운영체제,아오야기 타카히로 ,조만석 ,2014-05-28,9788968480966
"뇌를 자극하는 RedHat Fedora 리눅스 서버 & 네트워크, 3판",우재남 ,,2014-09-02,9788968481208
멀티 디바이스 UX 디자인 : 사물인터넷 생태계 경험을 지배하는 3가지 핵심 원리,미할 레빈 ,이미령 ,2014-11-12,9788968481307
위닝 프레젠테이션 : 프레젠테이션 전문 코치가 1:1로 가르쳐주는 30가지 비밀,채종서 ,,2014-03-27,9788968480898
엑셀 피벗&파워 쿼리 바이블,최준선 ,,2017-11-05,9791162240083
창의적 공학설계(개정판),김은경 ,,2016-01-08,9791156642381
PMP 바이블 : PMP 자격증 취득의 길로 안내하는 가장 확실한 지침서 (전2권 세트),"강정배 , 서정훈 , 이지현 , 박주진 ",,2015-01-07,9788968481604
회사에서 바로 통하는 엑셀 2016,한은숙 ,,2017-07-05,9788968483356
"자바스크립트 웹 애플리케이션 : 제이쿼리, Node.js, 웹소켓, 스파인, 백본, 자바스크립트MVC",알렉스 맥카우 ,우정은 ,2012-06-18,9788979149258
"IT CookBook , 엑셀과 파워포인트 2016",김지연 ,,2017-12-27,9791156643760
"IT CookBook, 웹 디자인 이론과 실습",강은정 ,,2017-06-05,9791156643258
오래가는 UX 디자인: 모바일 시대의 제품 디자인 기본 원칙,반준철 ,,2013-01-24,9788979149982
jQuery Mobile(개정판),존 라이드 ,한선용 ,2012-01-19,9788979149067
드림팀의 악몽: 산으로 가는 팀 프로젝트를 바로잡는 애자일 코칭법,포샤 텅 ,김광호 ,2014-05-16,9788968480973
만들면서 배우는 안드로이드 게임 프로그래밍(개정판),황동윤 ,,2013-06-20,9788968480249
"IT CookBook, 초보자의 첫 번째 액세스 2007",최희식 ,,2009-11-05,9788979146967
"IT CookBook, 데이터베이스 기초와 실습 : 액세스 2010",김지연 ,,2013-08-21,9788998756369
"모던 웹을 위한 JavaScript + jQuery 입문(개정판) : 자바스크립트에서 제이쿼리, 제이쿼리 모바일까지 한 권으로 끝낸다",윤인성 ,,2013-09-03,9788968480423
"IT CookBook, 유닉스 시스템 프로그래밍",이종원 ,,2010-01-12,9788979147155
"창의와 혁신의 시크릿, 트리즈 : Training How To Think Inventively",김은경 ,,2015-07-10,9791156641902
Head First HTML5 Programming: 웹 표준으로 만드는 생동감 있는 웹 애플리케이션,"에릭 프리먼 , 엘리자베스 롭슨 ",홍형경 ,2012-07-28,9788979149326
설계 프로세스로 배우는 창의적 공학설계,노승환 ,,2014-06-27,9791156641094
Head First jQuery: 자바스크립트를 몰라도 배울 수 있는 제이쿼리,"라이언 베네디티 , 로넌 크랜리 ",한선용 ,2012-05-24,9788979149203
클라이언트-서버 웹 앱 만들기: 자바와 자바스크립트로 배우는 모던 웹 앱 개발,캐지미어 새터노스 ,김은정 ,2014-10-17,9788968481345
당신의 프레젠테이션이 항상 그 모양인 이유,전철웅 ,,2011-05-28,9788979147803
실전으로 배우는 발명·특허,윤상원 ,,2014-06-30,9791156641162
"모던 웹을 요리하는 초간편 HTML5 Cookbook : 자바스크립트 API, 로컬 저장소, 접근성, 지오로케이션","크리스토퍼 슈미트 , 카일 심슨 ",한선용 ,2012-08-17,9788979149401
"모던 웹을 위한 Node.js 프로그래밍(개정판) : 페이스북, 월마트, 링크드인이 선택한 자바스크립트 + 노드제이에스 서버 프로그래밍",윤인성 ,,2013-09-03,9788968480430
풀스택 개발자를 위한 MEAN 스택 입문,"애덤 브레츠 , 콜린 J. 이릭 ",박재호 ,2015-08-27,9788968482182
Head First JavaScript : 대화형 웹 애플리케이션의 시작,마이클 모리슨 ,홍형경 ,2008-07-01,9788979145823
"인사이드 자바스크립트 : 핵심 개념과 원리를 정확하게. jQuery, Node.js, 클로저의 개념까지","송형주 , 고현준 ",,2014-01-02,9788968480652
린 UX : 린과 애자일 그리고 진화하는 사용자 경험,"제프 고델프 , 조시 세이던 ",김수영 ,2013-10-25,9788968480485
린 스타트업 실전 UX: 더 빠르고 스마트하게 일하는 린 UX 실행 전략,로라 클라인 ,"김수영 , 박기석 ",2014-09-28,9788968481086
slide:ology - 위대한 프레젠테이션을 만드는 예술과 과학,낸시 두아르떼(Nancy Duarte) ,서환수 ,2010-03-08,9788979147308
"하이브리드 앱을 구현하는 기술 : HTML5, 자바스크립트, 코도바(폰갭)로 만드는 안드로이드와 iOS 앱 개발","구보타 미츠노리 , 아시알 주식회사 ",김성재 ,2015-02-17,9788968481680
"Blog2Book, 프로젝트 성패를 결정짓는 데이터 모델링 이야기",김상래 ,,2015-09-17,9788968482212
회사에서 바로 통하는 엑셀 비즈니스 데이터 분석,히바나 히로코(日花弘子) ,"최수진 , 최준선 ",2006-03-03,8979143869
인포그래픽 프레젠테이션 : 보는 순간 착 달라붙는 인포그래픽 제작 비법 68,곽승원 ,,2014-01-02,9788968480751
자바스크립트를 말하다 : 가장 간결하면서도 완벽한 자바스크립트 입문서,악셀 라우슈마이어 ,한선용 ,2014-09-12,9788968481192
프로그래밍 스칼라,"딘 왐플러 , 알렉스 페인 ",오현석 ,2016-06-01,9788968482755
프로젝트로 배우는 HTML5+자바스크립트,지닌 마이어 ,김지원 ,2012-06-22,9788979149241
HTML5 Canvas : 웹의 한계를 캔버스로 뛰어 넘는다,"스티브 펄튼 , 제프 펄튼 ","이수진 , 이성희 ",2012-01-09,9788979148985
한 번에 배우는 HTML5+자바스크립트,지닌 마이어 ,김지원 ,2011-05-22,9788979148268
더글라스 크락포드의 자바스크립트 핵심 가이드,더글라스 크락포드(Douglas Crockford) ,김명신 ,2008-09-26,9788979145984
함수형 자바스크립트 : 새롭고 올바른 자바스크립트 프로그래밍 기법,마이클 포거스 ,우정은 ,2014-01-28,9788968480799
린 고객 개발 : 고객의 지갑을 여는 제품 만들기,신디 앨버레즈 ,"박주훈 , 이광호 ",2015-04-27,9788968481864
만들면서 배우는 HTML5+CSS3+jQuery,야무(지훈) ,,2012-03-12,9788979149104
만들면서 배우는 HTML5 게임 프로그래밍: PC와 스마트폰을 한 번에 잡는 멀티 플랫폼 게임 프로그래밍,황동윤 ,,2013-06-22,9788968480225
창의융합 프로젝트 아이디어북 : Creative Convergence Capstone Design with PBL,조준동 ,,2015-06-10,9791156641858
사전처럼 바로 찾아 쓰는 HTML5 핵심 API,하타노 후토미 ,윤준 ,2011-12-01,9788979148732
린 마인드셋 : 린 스타트업을 위한 경영 철학,"메리 포펜딕 , 톰 포펜딕 ",위선주 ,2014-04-02,9788968480928
컨설턴트가 알려주는 보고서 작성의 기술 with 파워포인트,홍장표 ,,2015-07-17,9788968481925
"IT CookBook, 디지털 시스템 설계 및 실습 with VHDL & Verilog HDL",노승환 ,,2017-01-02,9791156642992
Head First JavaScript Programming : 게임과 퍼즐로 배우는 자바스크립트 입문서,"에릭 프리먼 , 엘리자베스 롭슨 ",강권학 ,2015-01-27,9788968481567
파워포인트 블루스,김용석 ,,2009-05-21,9788979146653
웹 표준 가이드: HTML5 + CSS3,존 앨섭(John Allsopp) ,"김지원 , 홍승표 ",2010-11-25,9788979147940
누구나 할 수 있는 인포그래픽 with 파워포인트,곽승원(꽉군) ,,2015-11-27,9788968482434
Head First HTML with CSS & XHTML : 웹2.0 시대의 웹 표준 학습법,"에릭 프리먼 , 엘리자베스 프리먼 ",홍형경 ,2006-05-28,8979144105
Head First HTML and CSS(개정판) : HTML5를 적용한 웹 제작 지침서,"엘리자베스 롭슨 , 에릭 프리먼 ","홍형경 , 우재남 ",2013-04-11,9788968480126
린 분석 : 성공을 예측하는 31가지 사례와 13가지 패턴,"앨리스테어 크롤 , 벤저민 요스코비츠 ",위선주 ,2014-01-02,9788968480690
모던 웹을 위한 실시간 사용자 경험(UX) 프로그래밍: 웹사이트에 인터랙티브를 더하는 마술,테드 로덴 ,백기선 ,2012-05-04,9788979149159
"IT CookBook, 알기 쉬운 최신 VLSI 설계: CMOS부터 SoC까지",조준동 ,,2015-09-17,9791156641971
초보자를 위한 안드로이드 스튜디오 : Hello World부터 채팅 앱과 벽돌깨기 게임까지,마츠오카 겐지 ,김성재 ,2016-01-22,9788968482564
린 스타트업: 실리콘밸리를 뒤흔든 IT 창업 가이드,애시 모리아 ,위선주 ,2012-11-17,9788979149692
"IT CookBook, 처음 만나는 디지털 논리회로","임석구 , 홍경호 ",,2016-07-25,9791156642633
"IT CookBook, VHDL을 이용한 FPGA 디지털 설계 : 실습부터 응용까지",노승환 ,,2014-01-28,9788998756833
만들면서 배우는 모던 웹사이트 디자인,야무(지훈) ,,2014-03-17,9788968480904
모던 웹을 위한 HTML5 웹소켓 프로그래밍,"바네사 왕 , 프랭크 살림 , 피터 모스코비츠 ",김지원 ,2013-07-24,9788968480317
"IT CookBook, 디지털 공학 : 논리회로의 설계 원리","김대정 , 모현선 ",,2013-12-02,9788998756765
사물 인터넷 · 웨어러블 Ver 0.9: 새로운 IT 플랫폼을 완성하는 서비스 기획 · UX 가이드,송태민 ,,2015-03-28,9788968481635
만들면서 배우는 모던 웹사이트 제작,야무(지훈) ,,2015-04-20,9788968481871
"(10대를 위한 프로그래밍 노트, 수프) 코딩 클럽 LV3. 제대로 된 파이썬 앱 만들기",크리스 로피 ,"이지호 , 유형목 ",2015-11-06,9788968482335
맥 사용자를 위한 엑셀+파워포인트+워드 2016 : Office for Mac,장경호 ,,2016-02-26,9788968482595
대학생을 위한 스크래치 프로그래밍 : 누구나 할 수 있는 가장 쉬운 프로그래밍 입문서,김종훈 ,,2016-01-26,9788968482557
스크래치를 활용한 문제해결능력 향상,김종훈 ,,2016-02-19,9788968482625
"한 권으로 끝내는 Node & Express(Node 4, Express 4 테스트 완료)",이선 브라운 ,한선용 ,2015-10-24,9788968482229
창의적인 문제 해결 능력을 키워주는 IT 퍼즐,"김종훈 , 김병수 , 김태훈 , 양영훈 , 오정철 , 현동림 ",,2017-08-01,9788968488634
"IT CookBook, 디지털 논리회로 실험 : 120개의 기본 실험과 12개의 텀 프로젝트","임석구 , 홍경호 ",,2014-01-08,9788998756758
"IT CookBook, VHDL을 이용한 디지털 회로 입문","나미키 히데아키 , 나가이 다카미치 ","김은성 , 이영희 ",2009-05-30,9788979146714
"IT CookBook, 기초전자실험(개정판) : with PSpice",홍순관 ,,2016-06-10,9791156642589
"IT CookBook, 단계별로 따라하며 배우는 디지털 공학 실험","이승호 , 민경옥 ",,2013-08-21,9788998756499
"IT CookBook, C 언어로 배우는 8051 마이크로프로세서",임석구 ,,2014-07-28,9791156641278
"(꼬마해커의 작업실, 수프) 스크래치 : 창의력과 문제해결능력 향상을 위한 첫걸음","김종훈 , 양영훈 ",,2014-03-20,9788968480829
HTML5 보일러플레이트 : 크로스 브라우징과 반응형 웹을 위한 어비의 노하우,송태민 ,,2013-06-30,9788968486395
"IT CookBook, 기초 전기전자 에센스","모현선 , 장성용 , 홍익표 ",,2016-12-31,9791156642978
안드로이드의 모든 것 분석과 포팅,"고현철 , 유형목 ",,2011-06-14,9788979147704
"IT CookBook, 소프트웨어 세상을 여는 컴퓨터 과학",김종훈 ,,2018-01-26,9791156643814
맥 쓰는 사람들과 함께하는 Mac OS X 바이블,고래돌이(김상우) ,,2015-01-27,9788968481628
도와주세요! 맥북이 생겼어요 : Mac OS X Yosemite 요세미티,김경범 ,,2014-11-28,9788968481338
"IT CookBook, 디지털 실험 : with PSpice",홍순관 ,,2013-12-31,9788998756772
러닝 자바스크립트,이선 브라운 ,한선용 ,2017-07-01,9788968483387
모바일 보일러플레이트 : 모바일 웹 개발 실무를 위한 어비의 노하우,송태민 ,,2013-10-20,9788968486487
"IT CookBook, 디지털 논리회로(개정판) : 이론, 실습, 시뮬레이션","임석구 , 홍경호 ",,2013-03-20,9788998756147
누구나 쉽게 배우는 스칼라,고락윤 ,,2016-05-01,9788968488221
easy LED : 초보자를 위한 LED 가이드북,홍순관 ,,2017-01-02,9791156643005
키노트 6.x 프레젠테이션 : 키노트 사용자를 위한 기본+활용법,윤춘근 ,,2014-06-20,9788968481123
"IT CookBook, 전기전자공학 개론(개정 5판)",Stan Gibilisco ,"권기영 , 윤석범 , 정영배 ",2013-02-11,9788998756017
"IT CookBook, 원리로 이해하는 마이크로파 공학",홍익표 ,,2015-07-10,9791156641896
"IT CookBook, 회로이론 : Circuits","Fawwaz T. Ulaby , Michel M. Maharbiz ","박병국 , 조성재 , 강인만 , 김중빈 ",2014-07-22,9791156641193
"IT CookBook, 기초 회로이론(개정판) : 선형회로해석의 기본 원리",최윤식 ,,2014-07-22,9791156641292
맥 쓰는 사람들과 함께하는 macOS 하이 시에라,고래돌이 ,,2017-11-10,9791162240236
맥 쓰는 사람들과 함께하는 macOS 시에라,고래돌이 ,,2017-02-15,9788968484582
"IT CookBook, 처음 만나는 회로이론",방성완 ,,2016-01-12,9791156642350
"임베디드 안드로이드 : 안드로이드 포팅, 확장, 커스터마이징하기",카림 야크무르 ,이성주 ,2015-03-09,9788968481772
"IT CookBook, 마이크로컨트롤러 AVR ATmega128 : 상태도를 이용한 시스템 설계",이상설 ,,2013-07-02,9788998756376
"IT CookBook, 컴퓨터 사이언스(개정판) : 새내기를 위한 최신 컴퓨터 개론","이동명 , 권오현 , 고정국 ",,2015-12-28,9791156642428
9가지 사례로 익히는 고급 스파크 분석(2판),"샌디 라이자 , 유리 레이저슨 , 션 오언 , 조시 윌스 ","박상은 , 권한철 , 서양주 ",2018-03-05,9791162240526
만약 헤밍웨이가 자바스크립트로 코딩한다면,앵거스 크롤 ,김나솔 ,2016-11-04,9788968484742
"IT CookBook, 디지털 논리회로(개정3판) : 이론, 실습, 시뮬레이션","임석구 , 홍경호 ",,2015-07-07,9791156641889
Think Stats : 프로그래머를 위한 통계 및 데이터 분석 방법,앨런 B. 다우니 ,김석우 ,2013-09-03,9788968486340
파이썬을 활용한 금융 분석,이브 힐피시 ,김도형 ,2016-05-18,9788968482779
누구나 쉽게 스칼라+플레이,고락윤 ,,2016-11-01,9788968484728
"IT CookBook, 기초 회로이론(개정 2판)",최윤식 ,,2017-12-28,9791156643715
"IT CookBook, 전기전자공학 개론(개정 6판)","Stan Gibilisco , Simon Monk ","권기영 , 조성재 , 유태훈 ",2017-11-30,9791156643661
"IT CookBook, 기초전자실험 : with PSpice",홍순관 ,,2013-03-19,9788998756123
딥러닝 첫걸음,김성필 ,,2016-12-30,9788968487323
회사에서 바로 통하는 엑셀 실무 데이터 분석,최준선 ,,2012-11-20,9788979149807
"IT CookBook, RF 및 초고주파 공학",카이 창(Kai Chang) ,홍익표 ,2014-03-12,9791156641063
톡톡 창의력 공부대장 특별 할인 세트(전 5권),창의수학연구소 ,,2016-10-10,9788968484568
톡톡 창의력 미로 찾기 플러스,창의수학연구소 ,,2017-04-05,9788968483608
자바로 배우는 핵심 자료구조와 알고리즘,앨런 B. 다우니 ,유동환 ,2018-06-01,9791162240847
제대로 배우는 MATLAB,방성완 ,,2014-10-10,9791156641346
안드로이드 멀티스레딩: 비동기 메커니즘으로 날렵하고 안정적인 앱 만들기,안데르스 예란손 ,한대희 ,2015-02-27,9788968481703
프로그래머 첫걸음,코리 알트호프 ,한선용 ,2018-01-02,9791162240380
네트워크 보안 시스템 구축과 보안 관제,장상근 ,,2016-08-16,9788968488320
손으로 익히며 배우는 생활 보안 첫걸음,마스이 토시가츠 ,손정도 ,2017-05-01,9788968482861
"IT CookBook, 컴퓨터 개론 : 쉽게 배우는 컴퓨터 기본 원리","김종훈 , 김종진 ",,2013-03-12,9788998756055
"코딩셰프의 3분 딥러닝, 케라스맛",김성진(코딩셰프) ,,2018-01-01,9791162240397
파이썬 정복,김상형 ,,2018-04-02,9791162240540
키노트 프레젠테이션(키노트 사용자를 위한 기본+활용법),윤춘근 ,,2011-11-21,9788979148787
실무자가 말하는 모의해킹,조정원 ,,2017-09-11,9788968488757
안드로이드 시큐리티 인터널,니콜라이 옐렌코프 ,강권학 ,2015-06-27,9788968481970
회사에서 바로 통하는 액세스 2007,김재훈 ,,2008-01-28,9788979145359
회사에서 바로 통하는 오토캐드 2007(건축&인테리어 현장밀착형 입문서),심미현 ,,2007-04-23,9788979144666
딸기케이크의 인물촬영 레시피 : 인물사진의 마법 같은 변화가 시작된다!,강승찬 ,,2007-11-28,9788979144819
"IT CookBook, MATLAB으로 배우는 공학 수치해석",방성완 ,,2014-01-24,9788998756840
네트워크 보안 시스템 구축과 보안 관제 : 보안 관제편,장상근 ,,2016-04-15,9788968488047
마담의크스와 함께 하는 손글씨&동꼬 by 포토샵,"마담의크스 카페 , 네모기획 ",,2006-07-12,8979144261
해커와 화가,폴 그레이엄 ,임백준 ,2014-01-24,9788968480713
"IT CookBook, 프로그래밍 언어론 : 쉽게 배우는 언어의 원리와 구조","김종훈 , 김종진 ",,2013-07-02,9788998756437
네트워크 보안 시스템 구축과 보안 관제 : 시스템 구축편,장상근 ,,2015-05-29,9788968487637
해커스 : 세상을 바꾼 컴퓨터 천재들 (무삭제판),스티븐 레비 ,"박재호 , 이해영 ",2013-08-19,9788968480454
워드프레스 플러그인 취약점 진단과 모의해킹,"조정원 , 유희만 ",,2015-07-10,9788968487699
"Blog2Book, 프로그래머가 몰랐던 멀티코어 CPU 이야기",김민장 ,,2010-05-20,9788979147407
"화성에서 온 프로그래머, 금성에서 온 기획자",시미즈 료 ,지정우 ,2016-06-22,9788968482786
회사에서 바로 통하는 오토캐드 2015,심미현 ,,2015-02-27,9788968481727
"IT CookBook for Beginner, 인터넷 프로그래밍 기초",고민정 ,,2008-01-28,9788979145557
오픈소스 도구를 활용한 웹 모의해킹과 침해대응,"석동현 , 김경원 , 양민철 , 조정원 , 박승우 , 김승록 ",,2017-05-30,9788968488511
비박스 환경을 활용한 웹 모의해킹 완벽 실습,"조정원 , 이승준 , 김영선 , 최일선 , 이선경 , 이해인 ",,2016-09-09,9788968488412
초보자를 위한 Linux & Unix C 프로그래밍,"김종훈 , 김종진 , 김동균 ",,2003-08-19,8979142455
"IT CookBook, 컴파일러의 이해 : 내공 있는 프로그래머로 길러주는",박두순 ,,2016-01-02,9791156642411
회사에서 바로 통하는 오토캐드 2017,심미현 ,,2016-07-31,9788968483004
"IT CookBook, Play 포토샵",원다예 ,,2015-04-27,9791156641803
내 일상을 꾸며주는 포토샵 CS6&CC,우보명(야우) ,,2013-12-26,9788968480744
뽀얀의 일러스트 하우스 by 포토샵,김은혜 ,,2007-12-11,9788979145205
포토샵 CS 디자인 스쿨(증보판),이문형 ,,2008-02-25,9788979145045
"나에게, 포토샵: 생활 디자이너 7명이 들려주는 일상, 작업, 포토샵 이야기","김효정 , 김진숙 , 이지남 , 조영주 , 신동욱 , 최재연 , 조선진 ",,2013-03-25,9788968480096
"IT CookBook, 인터넷 프로그래밍 입문 : HTML, CSS, JavaScript","주성례 , 정선호 , 한민형 , 권원상 ",,2014-02-17,9788998756895
아이벤의 블링블링 포토샵,"김현태 , 아이벤 포토샵 카페 ",,2009-09-28,9788979146929
"IT CookBook, 웹 프로그래밍 입문 : XHTML, CSS2, JavaScript","김형철 , 안치현 ",,2011-06-28,9788979148329
버프스위트 활용과 웹 모의해킹,"조정원 , 김명근 , 조승현 ",,2015-09-24,9788968487705
"레아의 감성사진, 두 번째 이야기 : 따뜻한 나날의 조각들",레아(김은정) ,,2010-08-28,9788979147315
DBD 공격과 자바스크립트 난독화로 배우는 해킹의 기술,최우석 ,,2016-08-05,9788968488276
"IT CookBook, 리눅스 프로그래밍 기초 : 시스템 호출, 라이브러리 함수별 실습","최태영 , 황준하 , 고재필 , 윤현주 , 김용호 ",,2015-08-17,9791156641964
"IT CookBook, enjoy design 포토샵 CS6",이영주 ,,2013-07-28,9788998756352
뽀얀의 포토샵 일러스트 하우스 II 미술사 거장을 만나다,뽀얀(김은혜) ,,2010-04-23,9788979147360
디자인 문구 실무 제작&디자인(7년차 디자이너 야우가 알려주는),우보명(야우) ,,2011-07-14,9788979148060
"만화로 배우는 디지털 카메라, 디카툰","김태정 , 윤지선 , 연두스튜디오 ",,2008-11-14,9788979146189
맛있는 디자인 포토샵 CC,"윤이사라(포완카) , 박효근 ",,2015-07-28,9788968482083
"IT CookBook, HTML5 웹 프로그래밍 입문",윤인성 ,,2013-07-25,9788998756277
컴파일러 구조와 원리,아오키 미네로우 ,이영희 ,2010-09-06,9788979147681
호기심디테일의 포토샵 CS5,귀동걸(박귀염) ,,2012-01-05,9788979148893
맛있는 디자인 포토샵 CS6,"임화연 , 이세련 , 이해령 ",,2013-02-28,9788968480010
좋은 사진을 만드는 ZAKO의 미러리스 사진 잘 찍는 법,ZAKO ,,2014-09-28,9788968481291
포토샵 디자인 스타일북 : 6 TYPES 20 STYLES,김혜경 ,,2013-05-28,9788968480218
뽀얀의 감성 일러스트레이션 : 포토샵과 일러스트레이터를 이용한 손 느낌 나는 일러스트 기법,뽀얀(김은혜) ,,2012-10-28,9788979149661
스콧 켈비의 사진가를 위한 포토샵 CS6,스콧 켈비(Scott Kelby) ,홍성희 ,2013-07-09,9788968480324
"IT CookBook, UI/UX 디자인 이론과 실습",이영주 ,,2015-09-23,9791156642022
사진에 느낌을 담는 여덟가지 방법 : 프로 사진가 스가와라 이치고의 따뜻한 사진의 기술,스가와라 이치고 ,김욱 ,2010-12-07,9788979147674
CxO가 알아야 할 정보보안,강은성 ,,2015-02-26,9788968487514
안전한 웹 애플리케이션을 위한 자바스크립트 보안,Y.E 리앙(Y.E Liang) ,박미정 ,2015-11-30,9788968487927
"잰양, 티백, 앤하우스의 디자인문구 다락방","류재은 , 김신애 , 장보경 ",,2010-08-26,9788979147643
좋은 사진을 만드는 김주원의 포토샵 사진 강의,김주원 ,,2012-05-14,9788979149265
맛있는 디자인 애프터 이펙트 CS6 & CC,이수정 ,,2014-11-21,9788968481420
10년차 디자이너에게 1:1로 배우는 포토샵 디자인 강의,정다영 ,,2015-01-28,9788968481666
"IT CookBook, 포토샵 CC 2017",이영주 ,,2017-11-27,9791156643623
만들면서 배우는 인터프리터: 컴파일러 이론으로 만드는 나만의 스크립트 언어,하야시 하루히코 ,김성재 ,2012-10-12,9788979149043
"IT CookBook, 인터넷 해킹과 보안(개정판) : 정보 보안 개론과 실습",김경곤 ,,2014-01-08,9788998756666
쇼핑몰 디자인 제작 북,"임화연 , 이해령 ",,2017-12-05,9791162240311
맛있는 디자인 포토샵 & 드림위버 CC,"임화연 , 이해령 ",,2016-08-10,9788968484964
실전 쇼핑몰 포토샵 북 : 상품 사진 보정부터 상세 페이지 제작까지 쇼핑몰 디자인의 모든 것,임화연 ,,2014-05-22,9788968480997
맛있는 디자인 드림위버 CC,"임화연 , 이해령 ",,2015-07-28,9788968482120
CxO가 알아야 할 정보보안,강은성 ,,2015-01-05,9788968487613
스콧 켈비의 라이트룸 CC 킬러 팁 북,스콧 켈비(Scott Kelby) ,문보라 ,2016-05-31,9788968482854
맛있는 디자인 인디자인 CC,황지완 ,,2016-02-19,9788968482427
맛있는 디자인 포토샵 CC 2018,"윤이사라(포완카) , 박효근 ",,2018-02-05,9791162240465
맛있는 디자인 일러스트레이터 CC,빨간고래(박정아) ,,2014-10-16,9788968481284
좋은 사진을 만드는 김주원의 풍경사진,김주원 ,,2015-03-28,9788968481833
10년차 디자이너에게 1:1로 배우는 일러스트레이터 디자인 강의,장보경(앤하우스) ,,2014-01-08,9788968480768
"IT CookBook, 인터넷 해킹과 보안 개정3판",김경곤 ,,2017-06-30,9791156643272
전문가를 위한 C++ : C++ 11을 대하는 유쾌한 방법(개정판 1권),"마크 그레고리 , 니콜라스 솔터 , 스캇 클레퍼 ",권오인 ,2013-10-17,9788968480386
전문가를 위한 C++ : C++ 11을 대하는 유쾌한 방법(개정판 2권),"마크 그레고리 , 니콜라스 솔터 , 스캇 클레퍼 ",권오인 ,2013-10-17,9788968480393
디자인 굿즈 만들기 with 포토샵&일러스트레이터,김신애 ,,2016-11-01,9788968484766
쇼핑몰 창업+운영+제작 북(인터넷 쇼핑몰 대표 강사와 함께하는),"정희전 , 착한사진연구소(남상욱 ",,2012-05-24,9788979149173
10년차 디자이너에게 1:1로 배우는 편집 디자인 강의+인디자인,황지완 ,,2014-04-28,9788968480935
쇼핑몰 디자인&제작북 with 포토샵+플래시+드림위버,임화연 ,,2011-03-21,9788979148213
모션 그래픽 디자인 강의 + 애프터 이펙트,이수정 ,,2016-09-21,9788968484896
이것이 C++이다,최호성 ,,2016-01-19,9788968482465
IT EXPERT 윈도우 시스템 프로그램을 구현하는 기술,이호동 ,,2015-03-28,9788968481789
맛있는 디자인 포토샵 & 일러스트레이터 CC,"박정아 , 박효근 , 윤이사라(포완카) ",,2016-05-16,9788968482762
좋은 사진을 만드는 정승익의 사진 구도(전면개정판),정승익 ,,2013-11-27,9788968480676
맛있는 디자인 프리미어 프로 CS6 & CC,"윤성우 , 김덕영 ",,2015-09-11,9788968482090
뇌를 자극하는 윈도우즈 시스템 프로그래밍,윤성우 ,,2007-03-28,9788979144611
"IT CookBook, enjoy design 일러스트레이터 CS6","김경진 , 김부치 ",,2014-01-03,9788998756727
맛있는 디자인 일러스트레이터 CC 2017,박정아 ,,2017-10-10,9791162240069
"IT CookBook, 정보 보안 개론(개정판) : 한 권으로 배우는 보안 이론의 모든 것",양대일 ,,2013-07-02,9788998756260
"IT CookBook, 정보 보안 개론과 실습 : 시스템 해킹과 보안(개정판)",양대일 ,,2013-09-15,9788998756628
일러스트레이터 트레이닝 북: Illustrator Training Book,박혜진 삐딱대가리 ,,2009-01-28,9788979146240
좋은 사진을 만드는 ZAKO의 77가지 사진 잘 찍는 법,ZAKO 그룹 ,,2013-10-26,9788968480508
맛있는 디자인 인디자인 CS6,황지완 ,,2012-11-28,9788979149814
좋은 사진을 만드는 김주원의 DSLR 사진 입문  : 누구에게도 묻지 못했던 사진에 관한 87가지 질문,김주원 ,,2013-06-11,9788968480232
"IT CookBook, 정보 보안 개론과 실습 : 네트워크 해킹과 보안(개정판)",양대일 ,,2013-07-24,9788998756321
전문가를 위한 C++(개정3판),마크 그레고리 ,권오인 ,2016-11-04,9788968484858
좋은 사진을 만드는 정승익의 사진 노출 (전면개정판),정승익 ,,2017-01-31,9788968484735
뇌를 자극하는 C++ 프로그래밍,이현창 ,,2006-07-06,8979144199
이것이 편집디자인이다: 편집디자이너가 알아야 할 모든 것,김덕희(CDM The Big) ,,2012-06-18,9788979149340
리버스 엔지니어링 2권(디버거 편),이호동 ,,2017-03-01,9788968484810
"IT CookBook, 네트워크 해킹과 보안 개정3판 : 정보 보안 개론과 실습",양대일 ,,2016-12-28,9791156642770
리버스 엔지니어링 1권(파일 구조 편),이호동 ,,2016-09-28,9788968484872
"좋은 사진을 만드는 장세현, 전국희의 아이디어가 반짝이는 DSLR 촬영 테크닉","장세현 , 전국희 ",,2014-03-28,9788968480881
"IT CookBook, 정보 보안 개론 개정3판",양대일 ,,2018-01-10,9791156643616
맛있는 디자인 일러스트레이터 CS6,우보명 ,,2012-12-12,9788979149890
성능을 100% 끌어내는 멀티코어 애플리케이션 프로그래밍,대릴 고브 ,권오인 ,2012-06-28,9788979149289
뇌를 자극하는 C++ STL,공동환 ,,2012-04-26,9788979149135
Thinking About : PPL을 이용한 VC++ 병렬 프로그래밍(2판),김경진 ,,2014-03-17,9788968486548
"IT CookBook, 핵심이 보이는 신호 및 시스템 : 기본 이론부터 MATLAB 실습까지",이철희 ,,2015-01-09,9791156641469
MATLAB으로 배우는 공학수학 : Engineering Mathematics,소상균 ,,2014-01-28,9788998756871
MATLAB으로 배우는 선형대수학 : Linear Algebra with MATLAB,"이광연 , 설한국 ",,2015-06-10,9791156641841
회사에서 바로 통하는 일러스트레이터 CS5,박혜진(삐딱대가리) ,,2011-04-28,9788979148244
"IT CookBook, 디지털 신호 처리 : 기본 이론부터 MATLAB 실습까지",이철희 ,,2013-07-31,9788998756307
Windows 시스템 실행파일의 구조와 원리,이호동 ,,2005-05-25,897914332x
Designing Web Navigation : 사용자 경험 최적화를 위한 웹 내비게이션 설계 원칙,제임스 콜백 ,김소영 ,2008-03-01,9788979145588
알고리즘 문제 풀이 전략,"조중필 , 한현상 , 이주호 ",,2016-06-01,9788968482700
After Effects Professional Training book: 모션 그래픽 실무 예제집,이수정 ,,2008-09-19,9788979145960
"IT EXPERT, 64비트 멀티코어 OS 원리와 구조 1권: OS 개발 60일 프로젝트",한승훈 ,,2011-07-23,9788979148367
"IT CookBook for Beginner, C++ 기초","신호철 , 조인현 ",,2013-08-13,9788998756475
"IT CookBook, 광통신 공학 : MATLAB과 함께하는 광통신 시스템",이종형 ,,2015-02-24,9791156641759
좋은 사진을 만드는 김주원의 미러리스 & DSLR 사진강의,김주원 ,,2015-11-12,9788968482267
"IT CookBook, 통신시스템의 기초 : Fundamentals of Communications Systems",마이클 피츠 ,"고균병 , 이종형 , 장은영 , 홍대기 ",2009-03-09,9788979146554
기초 선형대수학 : BASIC LINEAR ALGEBRA,"이광연 , 설한국 , 김진수 ",,2013-11-02,9788998756642
"IT CookBook, 원리로 이해하는 통신이론 : Analog & Digital Communications",한동석 ,,2015-01-01,9791156641445
HTML과 나모로 홈페이지 만들기 디자인 스쿨,"김형철 , 안치현 ",,2008-12-12,9788979146462
최신 공학수학 with Sage Ⅰ,"이상구 , 김영록 , 박준현 , 김응기 , 이재화 ",,2016-01-12,9791156642091
"IT EXPERT, 64비트 멀티코어 OS 원리와 구조 2권: OS 개발 60일 프로젝트",한승훈 ,,2011-07-23,9788979148374
회사에서 바로 통하는 엑셀&파워포인트 2007,"한은숙 , 고경희 ",,2008-06-11,9788979144888
불황을 이기는 색다른 쇼핑몰 COLOR & LAYOUT,"김정인 , 박혜진 , 라임기획 ",,2009-01-28,9788979146059
"IT CookBook, 영상을 이용한 디지털 신호처리 : 실제적인 사례와 응용","엄민영 , 김성제 ",,2014-01-28,9788998756857
"IT CookBook, 기초 신호 및 시스템",이철희 ,,2016-07-18,9791156642657
"IT CookBook, 정보보안 이론과 실제",마크 스탬프 ,"안태남 , 손용락 , 이광석 ",2015-09-17,9791156642008
회사에서 바로 통하는 포토샵 CS4,원다예 ,,2009-04-09,9788979146660
"IT CookBook, C C++ 프로그래밍 : 프로그래밍 기초와 객체지향",김동근 ,,2013-03-12,9788998756086
움직이는 사물의 비밀: DIY를 위한 기계와 메커니즘의 기초,더스틴 로버츠 ,"랜덤웍스 , 윤진서(공역) ",2012-12-23,9788979149869
"IT CookBook, 초보자의 첫 번째 나모 웹에디터 2008",최희식 ,,2009-11-05,9788979146974
"IT CookBook, C++ 하이킹 : 객체지향과 만나는 여행","성윤정 , 김태은 ",,2013-06-19,9788998756215
"IT CookBook, 공업수학 : 기본 개념부터 응용까지",이준탁 ,,2015-02-16,9791156641742
"IT CookBook, 디지털 통신 시스템 : Digital Communication Systems","정호영 , 임승각 ",,2011-01-31,9788979147988
라즈베리 파이 쿡북,사이먼 몽크 ,"박경욱 , 백운혁 , 유시형 , 윤종우 ",2014-12-26,9788968481536
메이커 운동 선언 : 테크숍 CEO가 말하는 미래를 지배할 혁신의 원칙,마크 해치 ,정향 ,2014-05-20,9788968480980
최신 공학수학 with Sage Ⅱ,"이상구 , 김영록 , 박준현 , 김응기 , 이재화 ",,2016-01-12,9791156642107
수식이 보이는 공학수학 : Engineering Mathematics,장윤석 ,,2013-03-07,9788998756062
"IT CookBook, 디지털 영상처리 입문 : 오감을 자극하는 3차원 입체 학습","신종홍 , 장선봉 , 지인호 ",,2015-02-16,9791156641766
전자부품 백과사전 vol.1 : 전력 전원 및 변환,찰스 플랫 ,배지은 ,2014-12-26,9788968481505
처음 시작하는 센서,"키모 카르비넨 , 테로 카르비넨 ",임지순 ,2015-02-25,9788968481697
Make : 아두이노 DIY 프로젝트,"키모 카르비넨 , 테로 카르비넨 ",배지은 ,2014-01-02,9788968480737
2018 전기산업기사 실기 과년도 기출문제,김상훈 ,,2018-02-21,9791156643463
"IT CookBook, C++ 프로그래밍 기초 : 객체지향의 시작","성윤정 , 김태은 ",,2014-03-12,9791156641049
착한 사람들이 이긴다,모기룡 ,,2013-03-25,9788994120546
망각의 즐거움,임희택 ,,2013-06-10,9788994120607
"IT CookBook, 확률과 랜덤 과정",정호영 ,,2018-01-15,9791156643791
지금 당장 재테크 공부하라,이동훈 ,,2013-06-28,9788994120584
easy LTE : 초보 기술자를 위한 이동통신 가이드북,이상근 ,,2015-07-10,9791156641834
모든 순간의 인문학,한귀은 ,,2013-05-28,9788994120577
경제습관을 상속하라 : 살면서 반드시 알아야 할 8가지 돈의 원칙,조진환 ,,2013-02-20,9788994120522
"청춘, 홀로 서면 외롭지 않다",김이율 ,,2013-07-09,9788994120621
모방의 경제학,"칼 라우스티아라 , 크리스토퍼 스프리그맨 ",이주만 ,2013-04-12,9788994120560
Make: Technology on Your Time Volume 01,오라일리 / 메이크 미디어 (Make Media) ,한빛미디어 / Make ,2011-05-09,9788979147728
말하고 듣고 대화하는 Physical Computing 아두이노,Todd Holoubek(백토담) ,,2014-03-28,9788960558373
33가지 프로젝트로 배우는 아두이노,사이먼 몽크 ,윤진서 ,2014-05-20,9788968481000
경제학자의 인문학 서재 2,박정호 ,,2013-06-10,9788994120614
Make: Technology on Your Time Volume 03,오라일리 / 메이크 미디어 (Make Media) ,한빛미디어 / Make ,2012-04-02,9788979149128
"IT CookBook, 컴퓨터 비전",오일석 ,,2014-07-01,9791156641216
(D-30 단기합격 솔루션) 전기기사 필기 핵심 이론 & 엄선된 필수 기출문제 466선,김상훈 ,,2015-06-02,9791156641933
2018 전기기사 필기 과년도 기출문제 & 동영상,김상훈 ,,2017-10-27,9791156643418
전공이 보이는 미분적분학: FOR ELECTRICAL & ELECTRONIC ENGINEERS,장윤석 ,,2015-05-30,9791156641827
4차 산업혁명 시대의 경영정보시스템,이동훈 ,,2017-08-08,9791156643319
Make: Technology on Your Time Volume 02,오라일리 / 메이크 미디어 (Make Media) ,한빛미디어 / Make ,2011-09-06,9788979148411
"IT CookBook, 컴퓨터 구조와 원리 2.0 : 비주얼 컴퓨터 아키텍처",신종홍 ,,2013-08-21,9788998756314
인생의 한 수를 두다,장석주 ,,2013-08-07,9788994120638
Make : Technology on Your Time Volume 07,메이커 미디어 ,한빛미디어 / Make ,2013-12-28,9788968480669
"IT CookBook, 전자상거래와 e-비즈니스(개정3판)",이동훈 ,,2015-12-28,9791156642435
Make : Technology on Your Time Volume 06,메이커 미디어 ,한빛미디어 / Make ,2013-05-21,9788968480188
"IT CookBook, 익스플로링 아두이노",JEREMY BLUM ,김찬웅 ,2014-05-26,9791156641070
Make: Technology on Your Time Volume 08,메이크 미디어 (Make Media) ,한빛미디어 / Make ,2015-06-28,9788968480836
"IT CookBook, 최신 이동통신 입문 : Mobile Communications",Jochen H. Schiller ,"곽경섭 , 고영채 ",2016-01-04,9791156642084
엄마와 집짓기,한귀은 ,,2013-12-27,9788994120720
Make: Technology on Your Time Volume 04,오라일리 / 메이크 미디어 (Make Media) ,한빛미디어 / Make ,2012-09-28,9788979149586
(D-30 단기합격 솔루션) 전기산업기사 필기 핵심 이론 & 엄선된 필수 기출문제 458선,김상훈 ,,2015-06-02,9791156641940
저는 경제공부가 처음인데요!,곽해선 ,,2013-08-21,9788994120652
Make: Technology on Your Time Volume 05,오라일리 미디어 (메이크 편집부) ,한빛미디어 / Make ,2013-03-07,9788979149753
기계 학습,오일석 ,,2017-12-05,9791156641582
경제학을 입다/먹다/짓다,박정호 ,,2015-01-09,9791157840045
조르바의 인생수업,장석주 ,,2017-05-20,9791157841844
미적분학,"Carol Ash , Robert B. Ash ","김광수 , 최형규 ",2016-01-21,9791156642343
백만 방문자와 소통하는 소셜 홍보 마케팅,김진 ,,2015-09-18,9788968482236
백만 방문자와 소통하는 페이스북 마케팅,"종유진 , 최규문 ",,2016-10-10,9788968482601
"IT CookBook, 컴퓨터 아키텍처 : 컴퓨터 구조 및 동작 원리",우종정 ,,2014-08-11,9791156641322
기초수학 : Basic Mathematics,"이재원 , 박성욱 ",,2014-03-21,9791156641087
지금 당장 경제지표 공부하라,"윤채현 , 허정호 ",,2013-10-07,9788994120683
메소드 스타일,에릭 라이언 + 애덤 라우리 ,구세희 ,2013-08-21,9788994120669
기초 미분적분학 : Pre Calculus,함남우 ,,2014-01-28,9788998756819
"이케아, 북유럽 스타일 경영을 말하다",앤더스 달빅 ,김은화 ,2013-10-22,9788994120294
대학수학 Plus : University Mathematics,이재원 ,,2013-10-14,9788998756635
이것이 자바다,신용권 ,,2015-01-06,9788968481475
백만 방문자와 소통하는 블로그 마케팅,조재형 ,,2015-06-28,9788968481994
유쾌한 혁명을 작당하는 공동체 가이드북,세실 앤드류스 ,강정임 ,2013-10-17,9788994120690
"소셜 모바일 시대, QR 코드 마케팅 전략","박은숙 , 박윤선 ",,2011-05-17,9788979148282
이것이 안드로이드다,박성근 ,,2014-08-25,9788968481178
"안드로이드 프로그래밍 정복 4판, 2권",김상형 ,,2016-01-22,9788968482533
"IT CookBook, 임베디드 리눅스 기초와 응용","우종정 , 사공준 ",,2017-01-24,9791156643135
"안드로이드 프로그래밍 정복 4판, 1권",김상형 ,,2016-01-22,9788968482526
Head First Design Patterns: 스토리가 있는 패턴 학습법,"에릭 프리먼 , 엘리자베스 프리먼 , 케이시 시에라 , 버트 베이츠 ",서환수 ,2005-08-22,8979143400
공학 핵심수학 : Core Mathematics for Engineering,함남우 ,,2015-01-01,9791156641438
기초 미분적분학(개정판) : Pre Calculus,함남우 ,,2017-07-07,9791156643210
이자론 중심으로 배우는 금융수학 : 보험계리사 시험 대비,이재원 ,,2014-10-10,9791156641315
확률과 통계 입문 : Basic Probability & Statistics,이재원 ,,2017-07-10,9791156643227
생생한 사례로 배우는 확률과 통계,이재원 ,,2016-07-15,9791156642619
공학 기초수학 : Basic Mathematics for Engineering,함남우 ,,2014-07-07,9791156641179
가장 쉽게 배우는 블로그 & 페이스북,"강진영 , 박순녀 ",,2015-11-26,9788968482441
페이스북 시대: 소셜 네트워크를 활용한 비즈니스와 마케팅,클라라 샤이(Clara Shih) ,전성민 ,2010-11-23,9788979147902
지금 당장 소셜마케팅 시작하라,조재형 ,,2014-02-25,9788994120744
"IT CookBook, 쉽게 배우는 자바 프로그래밍",우종정 ,,2017-08-02,9791156643296
Head First Java: 뇌 회로를 자극하는 자바 학습법(개정판),"케이시 시에라 , 버트 베이츠 ",서환수 ,2005-11-16,8979143710
가장 좋은 사랑은 아직 오지 않았다,한귀은 ,,2013-09-09,9788994120676
"이나모리 가즈오 1,155일간의 투쟁",오니시 야스유키│ ,송소영 ,2013-11-02,9788994120300
"IT CookBook, 우분투 리눅스 : 시스템 & 네트워크",이종원 ,,2014-07-03,9791156641209
"내 가게, 소셜커머스로 대박나기 : 소상공인을 위한 소셜커머스 활용 가이드 북","손미향 , 구현아 , 이지인 ",,2011-08-23,9788979148473
"IT CookBook, 페도라 리눅스 : 시스템 & 네트워크",이종원 ,,2014-01-02,9788998756659
Elemental Design Patterns : 객체지향과 디자인 패턴의 연결 고리,제이슨 맥컴 스미스 ,김지원 ,2013-05-02,9788968480140
스크럼 성공전략 : 성공하는 애자일을 위한 30가지 지름길,일란 골드스타인(Ilan Goldstein) ,박남혜 ,2014-09-02,9788968481239
Head First Servlets & JSP(개정판) : 상상력을 자극하는 몰입의 학습법,"케이시 시에라 , 버트 베이츠 , 브라얀 바샴 ",김종호 ,2009-02-02,9788979146639
Head First Statistics: 실생활 예제로 배우는 정말 쉬운 통계 이야기,돈 그리피스 ,임백준 ,2012-04-26,9788979147278
경제학자의 인문학서재,"김훈민 , 박정호 ",,2012-01-02,9788994120232
지금 당장 금리공부 시작하라,윤채현 ,,2011-10-06,9788994120195
안나여 저게 코츠뷰의 불빛이다,우에무라 나오미 ,김윤희 ,2011-03-24,9788994120140
뇌를 자극하는 Java 프로그래밍,김윤명 ,,2006-09-04,8979143974
"IT CookBook, 자바 프로그래밍 바이블","오경주 , 염기호 , 정용훈 ",,2016-08-12,9791156642732
"IT CookBook, JUST JAVA : 객체지향에 충실한 자바다운 자바",황희정 ,,2015-10-26,9791156642015
"IT CookBook, GOOD JAVA : 프로그래밍을 시작하는 사람들을 위한",우재남 ,,2016-02-16,9791156642442
Head First C : 내공 있는 C 프로그래머로 이끌어주는 착한 안내서,"데이빗 그리피스 , 돈 그리피스 ",강권학 ,2012-11-08,9788979149760
"탱고 경영 : 마켓 3.0 시대, 기업 서열을 뒤집는 비즈니스 플랫폼 전략",형원준 ,,2012-05-15,9788994120324
지금 당장 재무설계 공부하라,김태형 ,,2011-11-04,9788994120201
"그래도, 달러다","윤채현 , 이남수 ",,2012-07-03,9788994120379
플랫폼이란 무엇인가?,윤상진 ,,2012-06-18,9788994120362
지금 당장 세계경제 공부하라,박유연 ,,2012-08-20,9788994120409
자바 객체지향 디자인 패턴: UML과 GoF 디자인 패턴 핵심 10가지로 배우는,"정인상 , 채흥석 ",,2014-04-28,9788968480911
뇌를 자극하는 JSP & Servlet,김윤명 ,,2010-12-15,9788979147506
시장경제의 재발견,"KDI , MERI ",,2012-08-20,9788994120287
딥 스마트 : 똑똑한 조직을 만드는 탁월한 리더,이정규 ,,2011-06-12,9788994120171
라디오헤드로 철학하기,브랜든 포브스 외 ,김경주 ,2012-07-23,9788994120386
지금 당장 마케팅 공부하라,구자룡 ,,2012-09-28,9788994120423
저는 차트분석이 처음인데요!,강병욱 ,,2012-08-28,9788994120416
사전처럼 바로 찾아 쓰는 자바7 : 기본부터 심화까지 해결하는 문제 해결의 길잡이,조시 주노 외 3인 ,백기선 외 8인 ,2013-10-28,9788968480546
마흔의 서재 : 마흔에 멈추어 읽는 책이 남은 인생의 길이 된다,장석주 ,,2012-11-06,9788994120454
"IT CookBook, 자바 프로그래밍 기초 : 원리부터 응용까지",고응남 ,,2008-12-15,9788979146523
100만 방문자와 소통하는 파워블로그 만들기,"윤상진 , 함성한 , 승채린 , 조상래 , 김동범 ",,2011-05-28,9788979147957
"IT CookBook, 프로젝트로 배우는 자바 웹 프로그래밍",황희정 ,,2014-01-09,9788998756680
"서른넷, 물음표 위에 서다",권은아 ,,2012-08-16,9788994120393
지금 당장 회계공부 시작하라,"강대준 , 신홍철 ",,2012-11-13,9788994120461
대통령을 위한 경제학,최용식 ,,2012-11-06,9788994120478
지금 당장 돈의 흐름 공부하라,윤채현 ,,2009-08-18,9788996185574
애자일 개발과 스크럼 : 더 나은 자신과 팀을 위한 소프트웨어 개발 방법,"노나카 이쿠지로 , 히라나베 겐지 ",이명교 ,2014-07-28,9788968481109
저는 재테크가 처음인데요 완전 개정판,김태형 ,,2017-04-26,9791157841837
파이썬 라이브러리를 활용한 머신러닝,"안드레아스 뮐러 , 세라 가이도 ",박해선 ,2017-07-01,9788968483394
보수는 어떻게 국민을 속이는가,조슈아 홀랜드 ,이은경 ,2012-10-08,9788994120430
지금 당장 환위험을 관리하라,이성열 ,,2009-10-21,9788996185598
저는 재테크가 처음인데요,김태형 ,,2014-01-07,9788994120713
저는 주식투자가 처음인데요 완전개정판,강병욱 ,,2015-07-02,9791157840182
이노베이션 신화의 진실과 오해,스콧버쿤 ,"임준수 , 서상원 ",2008-01-23,9788979145502
뇌를 자극하는 알고리즘,박상현 ,,2009-09-04,9788979146875
저는 주식투자가 처음인데요! 2탄,강병욱 ,,2014-09-12,9788994120898
저는 차트분석이 처음인데요 최신개정판,강병욱 ,,2018-01-22,9791157842315
"(10대를 위한 프로그래밍 노트, 수프) 앱 인벤터: 나만의 앱 만들기! 구글과 MIT 기술로 배우는 컴퓨팅 사고력",김종훈 ,,2016-01-14,9788968482342
"IT CookBook, ASP.NET 4.0 프로그래밍",김동아 ,,2014-02-19,9791156641025
처음 배우는 인공지능,다다 사토시 ,송교석 ,2017-06-01,9788968483318
뇌를 자극하는 파이썬 3,박상현 ,,2016-02-05,9788968482359
"IT CookBook, 유닉스 이론과 실습(개정판)","윤소정 , 이종원 ",,2013-07-28,9788998756512
"IT CookBook, 유닉스 시스템 프로그래밍",이종원 ,,2017-07-17,9791156643326
저는 기업분석이 처음인데요 (완전 개정판),강병욱 ,,2016-09-28,9791157841493
뇌를 자극하는 C# 5.0 프로그래밍,박상현 ,,2014-08-19,9788968481161
밑바닥부터 시작하는 딥러닝,사이토 고키 ,개앞맵시(이복연) ,2017-01-03,9788968484636
"IT CookBook, 페도라 리눅스(개정판)",이종원 ,,2017-11-10,9791156641599
The Art of Computer Programming 3: 정렬과 검색(개정 2판),도널드 커누스(Donald E. Knuth)) ,류광 ,2008-01-01,9788979145496
핸즈온 머신러닝,오렐리앙 제롱(Aurélien Géron) ,박해선 ,2018-04-27,9791162240731
앱 인벤터 2 : 구글과 MIT 앱 인벤터 개발팀이 안내하는 안드로이드 프로그래밍,"David Wolber , Hal Abelson , Ellen Spertus , Liz Looney ","오일석 , 이진선 ",2015-07-20,9791156641865
"Introduction To Algorithms, Third Edition","토머스 코멘 , 찰스 레이서손 , 로날드 리베스트 , 클리포드 스타인 ","문병로 , 심규석 , 이충세 ",2014-07-10,9791156641131
The Art of Computer Programming 1: 기초 알고리즘(개정 3판),도널드 커누스(Donald E. Knuth) ,류광 ,2006-09-28,9788979144307
The Art of Computer Programming 4A 컴퓨터 프로그래밍의 예술: 조합적 알고리즘 1부,도널드 커누스(Donald E. Knuth) ,류광 ,2013-08-19,9788968480287
"IT EXPERT, ASP.NET 2.0 웹 프로젝트와 실전 프로그래밍",조성진 ,,2006-07-03,8979144180
뇌를 자극하는 ASP.NET 2.0 프로그래밍,이시환 ,,2006-07-06,8979144083
The Art of Computer Programming 2: 준수치적 알고리즘(개정 3판),도널드 커누스(Donald E. Knuth) ,류광 ,2007-09-14,9788979144840
"IT CookBook, 초보자의 첫 번째 한글 2007",양숙희 ,,2009-11-05,9788979147018
엑셀 VBA로 쉽게 배우는 금융공학 프로그래밍,"이기홍 , 곽승주 ",,2009-06-01,9788979146738
처음 배우는 딥러닝 수학,"와쿠이 요시유키 , 와쿠이 사다미 ",,2018-02-01,9791162240441
"IT CookBook, 쉽게 배우는 유전 알고리즘 : 진화적 접근법",문병로 ,,2014-09-02,9791156641353
"IT CookBook, Eclipse를 활용한 안드로이드 프로그래밍","우재남 , 이복기 ",,2015-01-28,9791156641711
"IT CookBook, Android Studio를 활용한 안드로이드 프로그래밍(증보판)","우재남 , 박길식 ",,2016-01-03,9791156642480
타라 아트(TAHRA ART),김경환(Tahra) ,,2013-07-28,9788968480355
도와주세요! 뉴(NEW) 아이패드가 생겼어요,이윤환 ,,2012-04-24,9788979149210
"IT CookBook, enjoy design 플래시 CS6",한형만 ,,2013-12-27,9788998756673
맛있는 디자인 드림위버 CS6,임화연 ,,2012-10-18,9788979149654
나는 일러스트레이터다(개정판) : 비정규 아티스트 밥장이 알려주는 프리랜서의 명쾌한 자기 관리법,밥장 ,,2014-02-07,9788968480805
나는 일러스트레이터다 : 비정규 아티스트 밥장이 알려주는 프리랜서의 명쾌한 자기 관리법,밥장 ,,2010-12-23,9788979147858
성공하는 포트폴리오는 따로 있다,"진욱 , 정소현 , 정승환 ",,2014-07-28,9788968481185
펠트보이와 함께하는 손그림 일러스트 놀이,펠트보이 ,,2014-10-21,9788968481383
테크니컬 아티스트를 위한 최고의 교과서 : 내공 있는 CG 아티스트로 이끌어주는 체계적인 입문서,"카츠라 요스케 , 요츠쿠라 타츠오 , 마크 살바티 ",서재우 ,2014-05-16,9788968481017
빅데이터로 일하는 기술 : 감이 아닌 과학으로 성공하는 빅데이터 구축 및 활용 가이드,장동인 ,,2014-12-27,9788968481376
펠트보이와 함께하는 점잇기 선잇기 컬러링 놀이,펠트보이 ,,2015-12-13,9788968482496
게임 컨셉 아트 디자인 북 : 디지털 드로잉부터 게임 배경 원화 제작까지,안홍일 ,,2014-06-24,9788968481062
"IT CookBook, 쉽게 배우는 알고리즘 : 관계 중심의 사고법",문병로 ,,2013-07-02,9788998756406
도와주세요! 아이폰이 생겼어요: iPhone+App 활용 사전,"김현철 , 임희석 , 김태용 ",,2010-05-20,9788979147483
맛있는 디자인 플래시 CS6,안혜선 ,,2012-11-26,9788979149821
아담의 플래시 액션스크립트 3.0,임종기 ,,2009-09-26,9788979146882
100만 방문자와 소통하는 카카오스토리 마케팅 : 카카오스토리 채널 마케팅 실전 노하우,최근영 ,,2014-12-22,9788968481499
회사에서 바로 통하는 플래시 CS3,차우람 ,,2008-08-27,9788979145489
회사에서 바로 통하는 플래시 CS4,"안혜선 , 박영준 ",,2010-02-02,9788979147063
지금 당장 써먹는 윈도우 10 마스터북,박광수(아크몬드) ,,2015-12-28,9788968482489
타라아트2,김경환 ,,2016-05-03,9788968482816
NDC ART BOOK,2016 넥슨 개발자 콘퍼런스 전시 작가 ,,2016-04-18,9788968482847
도와주세요! 아이패드가 생겼어요,김태용 ,,2010-11-23,9788979147971
빅데이터의 충격: 거대한 데이터의 파도가 사업 전략을 바꾼다!,시로타 마코토 ,김성재 ,2013-01-26,9788979144338
IT 전문가로 사는 법,장동인 ,,2016-11-30,9788968484711
회사에서 바로 통하는 일러스트레이터 CS4,박혜진 ,,2009-10-27,9788979147056
"밥장, 몰스킨에 쓰고 그리다","밥장(글) , 강연욱(사진) ",,2016-02-26,9788968482571
"IT CookBook, 쉬운 영어로 읽는 최신 전산 영어(개정3판)",조준모 ,,2015-12-30,9791156642039
"IT CookBook, 쉽게 배우는 알고리즘(개정판)",문병로 ,,2018-01-20,9791156643753
"펠트보이와 함께하는 컬러링 놀이: 안티 스트레스, 집중력 향상을 위한 컬러링북",펠트보이 ,,2015-03-20,9788968481802
구글+아이폰 200% 업무 활용법,이임복 ,,2012-01-04,9788979148770
스마트 워크 : 낭만 IT 김국현의 제안,김국현 ,,2011-01-20,9788979148039
제대로 시작하는 기초 통계학 : Excel 활용,노경섭 ,,2016-06-10,9791156642565
누구나 할 수 있는 정진호의 비주얼씽킹,정진호 ,,2015-06-27,9788968481987
좋은 사진을 만드는 김주원의 어도비 포토샵 라이트룸 CC 사진 강의,김주원 ,,2016-07-25,9788968482977
회사에서 바로 통하는 엑셀 파워포인트 워드 2016 한글 NEO + 원노트,"전미진 , 이화진 , 신면철 ",,2016-10-21,9788968484889
이것이 인포그래픽이다,원다예 ,,2016-08-22,9788968484933
세상에서 제일 친절한 엑셀,박재영 ,,2017-04-05,9788968484605
프로젝트로 배우는 라즈베리 파이,도날드 노리스 ,임지순 ,2015-04-24,9788968481888
Zero to Maker: 누구나 메이커가 될 수 있다,데이비드 랭 ,장재웅 ,2015-02-27,9788968481710
회사에서 바로 통하는 엑셀 파워포인트 워드 2016 + 원노트,"전미진 , 이화진 , 신면철 ",,2016-09-30,9788968484926
"IT CookBook, C C++로 배우는 자료구조론",주우석 ,,2015-02-24,9791156641780
"웹툰, 만화, 일러스트레이션 제작을 위한 클립 스튜디오","이상화 , 홍지혁 ",,2017-04-17,9788968483530
"IT CookBook, C로 배우는 쉬운 자료구조(개정3판)",이지영 ,,2016-07-28,9791156642695
Maker Pro : 메이커 프로,존 베이첼 ,정향 ,2015-07-28,9788968482038
구글 실전 바이블 : Google 라이프에 관한 거의 모든 것,라이프해커(김명걸) ,,2012-08-23,9788979149562
게임스토밍 : 팀의 운명을 바꾸는 성과 창출의 기술,데이브 그레이 · 서니 브라운 · 제임스 매카누포 ,"정진호 , 강유선 ",2010-12-15,9788994120119
Make: 라즈베리 파이 로봇,볼프람 도낫 ,이하영 ,2015-08-27,9788968482144
핀테크: IT와 금융이 만나는 새로운 세상,"강창호 , 이정훈 ",,2015-06-28,9788968482007
철들고 그림 그리다 : 잊었던 나를 만나는 행복한 드로잉 시간,정진호 ,,2012-12-28,9788979149838
"IT CookBook, 자바로 배우는 쉬운 자료구조",이지영 ,,2013-07-02,9788998756420
NDC ART BOOK 2017,2017년 넥슨 개발자 콘퍼런스 아트 전시회 참여 작가 ,,2017-04-28,9788968483516
MOS 2016 엑셀 Expert,"김경희 , 오해강 ",,2017-09-11,9791156643357
(2018) 완벽분석! 사회조사분석사 2급 필기,"노경섭 , 김성일 , 김기만 ",,2018-02-28,9791156643852
제대로 알고 쓰는 논문 통계분석 : SPSS & AMOS 21,노경섭 ,,2014-02-07,9791156641001
마인크래프트 슈퍼 건축 레시피,"히류 , 이마이 산타로 ",곰다비 ,2017-06-05,9788968483325
"IT CookBook, OpenGL로 배우는 3차원 컴퓨터 그래픽스",주우석 ,,2013-08-18,9788998756505
스케치업 & V-Ray 트레이닝 북,강석창 ,,2017-10-16,9791162240076
"IT CookBook, C로 배우는 쉬운 자료구조(개정판)",이지영 ,,2013-07-28,9788998756383
Make: 센서,"테로 카르비넨 , 키모 카르비넨 , 빌리 발토카리 ","지영민 , 남기혁 ",2015-09-28,9788968482205
회사에서 바로 통하는 실무의 기술,이현지 ,,2017-12-22,9791162240304
행복 화실,정진호 ,,2016-04-28,9788968482830
연필 하나로 시작하는 일러스트 연습장,우모토 사치코 ,류현정 ,2008-09-02,9788979145915
전자부품 백과사전 vol.2 : 신호 처리,찰스 플랫 ,"배지은 , 이하영 ",2015-12-01,9788968482373
일상 무기 제작법 1 : 생활용품으로 전투 무기 만들기,존 오스틴 ,정향 ,2015-10-06,9788968482151
MOS 2016 워드 Expert,"김경희 , 오해강 ",,2017-10-20,9791156643364
핀테크 세상을 열다 : 30편의 카툰으로 만나는 핀테크 이야기,"김동우 , 김진영(로아컨설팅) ",,2015-12-05,9788968482458
자바스크립트 자료구조와 알고리즘 : 구조적이고 효율적인 자바스크립트 프로그래밍 기법 익히기,마이클 맥밀런 ,우정은 ,2014-08-28,9788968481222
MOS 2016 아웃룩,"김경희 , 오해강 ",,2018-01-19,9791156643807
MOS 2016 파워포인트,"김경희 , 오해강 ",,2017-09-11,9791156643340
일상 무기 제작법 2 : 생활용품으로 첩보 무기 만들기,존 오스틴 ,정향 ,2015-12-01,9788968482328
핸드메이드 일렉트로닉 뮤직,니콜라스 콜린스 ,임지순 ,2016-03-04,9788968482632
일상 무기 제작법 3 : 생활용품으로 중세의 공성 무기 만들기,존 오스틴 ,정향 ,2016-02-19,9788968482472
하드웨어 스타트업,"르네 디레스타 , 브레이디 포레스트 , 라이언 빈야드 ",정향 ,2016-10-01,9788968484834
처음 시작하는 드론,"테리 킬비 , 베린다 킬비 ","이하영 , 감수자_김용현 ",2016-10-01,9788968484841
연필 하나로 시작하는 스티커 연습장,"이다솔 , 김은하 , 정선영 ",,2010-07-28,9788979147605
Make: 액션,사이먼 몽크 ,임지순 ,2016-12-06,9788968484674
전자부품 백과사전 vol.3,"찰스 플랫 , 프레드릭 얀슨 ","배지은 , 이하영 ",2017-05-01,9788968483493
연필 하나로 시작하는 스케치 연습장,우모토 사치코 ,류현정 ,2008-09-02,9788979145922
메이커 매뉴얼,"안드레아 마이에타 , 파올로 알리베르티 ",남기혁 ,2016-07-01,9788968482885
아두이노 101,서영배 ,,2016-10-15,9788968484780
신프로의 쉽고 빠른 파워포인트 디자인,신프로(신강식) ,,2018-02-05,9791162240458
Make: 드론,데이비드 맥그리피 ,"임지순 , 감수자_ 팹브로스 제작소 김용현, 정성일 ",2017-08-01,9788968488641
맛있는 디자인 포토샵&일러스트레이터 CC 2018,"박정아 , 박효근 , 윤이사라(포완카) ",,2018-04-02,9791162240564
MOS 2016 액세스,"김경희 , 오해강 ",,2018-04-17,9791156643371
자바스크립트 성능 최적화: High Performance JavaScript,니콜라스 자카스 ,한선용 ,2011-09-15,9788979148558
Make: 심플 로봇,케이티 세서리 ,임지순 ,2016-08-01,9788968484971
3D 프린팅을 위한 스케치업,리디아 클라인 ,민혜기 ,2017-05-01,9788968483578
달인과 함께 하는 마인크래프트 세계 건축 여행: 유럽과 아메리카,"히류 , 돈보코 , 하야시 ",곰다비 ,2018-05-01,9791162240663
로고를 활용한 디자인 실무 강의 with 일러스트레이터+포토샵,장보경(앤하우스) ,,2018-03-05,9791162240496
아이와 함께 할 수 있는 50가지 위험한 실험,"게버 털리 , 줄리 스피글러 ",c: operated ,2013-04-21,9788968480089
달인과 함께 하는 마인크래프트 세계 건축 여행 : 아시아와 아프리카,"히류 , 돈보코 , 하야시 ",곰다비 ,2018-05-01,9791162240670
NDC ART BOOK 2018,2018년 넥슨 개발자 콘퍼런스 아트 전시회 참여 작가 ,,2018-04-23,9791162240649
맛있는 디자인 애프터 이펙트 CC 2018,이수정 ,,2018-06-30,9791162240762
엑셀 2016 함수&수식 바이블,최준선 ,,2018-05-04,9791162240724
윤피티의 SNS 콘텐츠 만들기 with 파워포인트,윤상림(윤피티) ,,2018-07-15,9791162240939
맛있는 디자인 프리미어 프로 CC 2018,"윤성우 , 김덕영 ",,2018-05-15,9791162240717
만들면서 배우는 워드프레스(개정판),박현우 ,,2018-07-25,9791162240946
맛있는 디자인 일러스트레이터 CC 2018,박정아 ,,2018-06-05,9791162240755
맛있는 디자인 프리미어 프로&애프터 이펙트 CC 2018,"김덕영 , 윤성우 , 이수정 ",,2018-08-03,9791162240922
좋은 사진을 만드는 박승근의 드론 사진 강의,박승근 ,,2018-06-04,9791162240779
3D 프린터 101,"안상준 , 정재학 ",,2017-03-02,9788968483424
"3D 프린터 101 : 기초부터 활용까지, 3D 프린터의 모든 것(개정판)",안상준 ,,2018-07-15,9791162240793
(2018) 완벽분석! 사회조사분석사 2급 실기,"노경섭 , 김성일 , 김기만 ",,2018-04-26,9791156643890
회사에서 바로 통하는 엑셀 실무 강의,전미진 ,,2018-08-30,9791162241004
회사에서 바로 통하는 실무 엑셀+파워포인트+워드&한글,"전미진 , 이화진 , 신면철 ",,2018-09-17,9791162241097
맛있는 디자인 포토샵&인디자인 CC 2018,"박효근 , 윤이사라(포완카) , 황지완 ",,2018-08-03,9791162240915
2018 전기산업기사 필기 과년도 기출문제 & 동영상,김상훈 ,,2017-10-27,9791156643425
2017 전기공사기사 실기 과년도 기출문제,김상훈 ,,2017-03-22,9791156642862
짧은 애니메이션 만들기 with 클립 스튜디오,요시베 나오키(吉邊尚希) ,김재훈 ,2018-04-09,9791162240557
회사에서 바로 통하는 오토캐드 2019,심미현 ,,2018-08-03,9791162241011
2018 전기산업기사 필기 7개년 기출문제집,김상훈 ,,2017-10-30,9791156643579
만들면서 배우는 워드프레스,박현우 ,,2017-03-10,9788968483448
2018 전기기능사 필기,"김상훈 , 김정현 ",,2017-08-07,9791156643234
전기공사산업기사 필기 핵심 이론 & 엄선된 필수 기출문제 468선,김상훈 ,,2016-05-04,9791156642534
2017 전기기기,김상훈 ,,2016-12-26,9791156642923
2017 전기자기학,김상훈 ,,2016-12-26,9791156642886
2017 전력공학,김상훈 ,,2016-12-26,9791156642916
2017 전기응용 및 공사재료,김상훈 ,,2016-12-29,9791156642947
2017 전기설비기술기준 및 판단기준,김상훈 ,,2016-12-29,9791156642930
2018 전기기사 필기 7개년 기출문제집,김상훈 ,,2017-10-30,9791156643562
D-30 단기합격 솔루션 전기기사 (개정판),김상훈 ,,2017-11-10,9791156643401
2017 전기공사기사 필기 과년도 기출문제 & 동영상,김상훈 ,,2016-12-20,9791156642824
2017 회로이론,김상훈 ,,2016-12-29,9791156642893
2017 전기산업기사 필기 7개년 기출문제집,김상훈 ,,2016-12-29,9791156642961
2017 전기기사 실기 과년도 기출문제,김상훈 ,,2017-03-15,9791156642848
2017 제어공학,김상훈 ,,2016-12-29,9791156642909
2017 전기기사 필기 과년도 기출문제 & 동영상,김상훈 ,,2016-12-07,9791156642800
2017 전기산업기사 실기 과년도 기출문제,김상훈 ,,2017-03-15,9791156642855
2017 전기공사산업기사 실기 과년도 기출문제,김상훈 ,,2017-03-22,9791156642879
2016 전기공사산업기사 실기 과년도 기출문제,김상훈 ,,2016-05-04,9791156642473
2017 전기산업기사 필기 과년도 기출문제 & 동영상,김상훈 ,,2016-12-07,9791156642817
2018 전기자기학 이론 + 기출문제,김상훈 ,,2017-11-19,9791156643494
2017 전기기사 필기 7개년 기출문제집,김상훈 ,,2016-12-29,9791156642954
2018 전기공사기사 필기 과년도 기출문제 & 동영상,김상훈 ,,2017-12-01,9791156643432
2018 회로이론 이론 + 기출문제,김상훈 ,,2017-12-29,9791156643500
2018 전기공사산업기사 필기 과년도 기출문제 & 동영상,김상훈 ,,2017-12-01,9791156643449
D-30 단기합격 솔루션 전기공사기사(개정판),김상훈 ,,2017-11-10,9791156642558
2018 전기설비기술기준 및 판단기준 이론 + 기출문제,김상훈 ,,2017-12-29,9791156643548
2018 전기응용 및 공사재료 이론 + 기출문제,김상훈 ,,2017-12-29,9791156643555
2018 전력공학 이론 + 기출문제,김상훈 ,,2017-12-29,9791156643517
2018 전기공사산업기사 실기 과년도 기출문제,김상훈 ,,2018-04-02,9791156643487
2018 전기공사기사 실기 과년도 기출문제,김상훈 ,,2018-04-02,9791156643470
2018 전기기사 실기 과년도 기출문제,김상훈 ,,2018-02-21,9791156643456
2016 전기공사산업기사 필기 과년도 기출문제 & 동영상,김상훈 ,,2015-12-01,9791156642145
2016 전기공사기사 필기 과년도 기출문제 & 동영상,김상훈 ,,2015-12-01,9791156642138
2018 제어공학 이론 + 기출문제,김상훈 ,,2017-12-29,9791156643524
